BEGIN;

CREATE EXTENSION IF NOT EXISTS pgcrypto;

-- Demo login inputs before your passwordHash() transform and bcrypt step:
-- Clients use Client@2026!01 through Client@2026!30
-- Employees use Employee@2026!01 through Employee@2026!10

-- Users

INSERT INTO public.users (id, email, password_hash, role, created_at, updated_at) VALUES

('65bc8449-3af5-422d-9ac5-0a37a57173a8', 'aina.rakoto@demo.mg', crypt('C#p&ù$c2026>01', gen_salt('bf', 12)), 'client'::public.user_role, '2021-03-03 08:01:00+03'::timestamp with time zone, '2021-03-03 08:01:00+03'::timestamp with time zone),
('b50665bf-304d-4fc0-957f-0db57c3eee88', 'tojo.rasoa@demo.mg', crypt('C#p&ù$c2026>02', gen_salt('bf', 12)), 'client'::public.user_role, '2021-04-19 08:02:00+03'::timestamp with time zone, '2021-04-19 08:02:00+03'::timestamp with time zone),
('589f0ffd-102e-4b4a-bea9-64f8e3142e0c', 'mialy.andriam@demo.mg', crypt('C#p&ù$c2026>03', gen_salt('bf', 12)), 'client'::public.user_role, '2021-06-05 08:03:00+03'::timestamp with time zone, '2021-06-05 08:03:00+03'::timestamp with time zone),
('ef22fa56-6c73-48f6-97b5-dca2b23bdf34', 'hery.rami@demo.mg', crypt('C#p&ù$c2026>04', gen_salt('bf', 12)), 'client'::public.user_role, '2021-07-22 08:04:00+03'::timestamp with time zone, '2021-07-22 08:04:00+03'::timestamp with time zone),
('f60e91d6-08d5-4e91-8d81-9a9f84fc4e45', 'lala.randri@demo.mg', crypt('C#p&ù$c2026>05', gen_salt('bf', 12)), 'client'::public.user_role, '2021-09-07 08:05:00+03'::timestamp with time zone, '2021-09-07 08:05:00+03'::timestamp with time zone),
('891f8ea2-5b0e-48af-80a8-0b19dc1d42ac', 'felana.rasoa@demo.mg', crypt('C#p&ù$c2026>06', gen_salt('bf', 12)), 'client'::public.user_role, '2021-10-24 08:06:00+03'::timestamp with time zone, '2021-10-24 08:06:00+03'::timestamp with time zone),
('7df4e49c-8849-4397-9f74-9b5bb2e3d646', 'mamy.rak@demo.mg', crypt('C#p&ù$c2026>07', gen_salt('bf', 12)), 'client'::public.user_role, '2021-12-10 08:07:00+03'::timestamp with time zone, '2021-12-10 08:07:00+03'::timestamp with time zone),
('7e37bb50-acbd-4fa8-987e-6a8a15052c30', 'naly.riv@demo.mg', crypt('C#p&ù$c2026>08', gen_salt('bf', 12)), 'client'::public.user_role, '2022-01-26 08:08:00+03'::timestamp with time zone, '2022-01-26 08:08:00+03'::timestamp with time zone),
('015089ef-592c-4882-b515-55fe1d510183', 'bodo.raz@demo.mg', crypt('C#p&ù$c2026>09', gen_salt('bf', 12)), 'client'::public.user_role, '2022-03-14 08:09:00+03'::timestamp with time zone, '2022-03-14 08:09:00+03'::timestamp with time zone),
('eedb530a-893f-4b7d-a8dd-89fa116f6df5', 'sitraka.raja@demo.mg', crypt('C#p&ù$c2026>10', gen_salt('bf', 12)), 'client'::public.user_role, '2022-04-30 08:10:00+03'::timestamp with time zone, '2022-04-30 08:10:00+03'::timestamp with time zone),
('f754e40c-eb6e-40f6-930b-45525d9d5a92', 'voahirana.lova@demo.mg', crypt('C#p&ù$c2026>11', gen_salt('bf', 12)), 'client'::public.user_role, '2022-06-16 08:11:00+03'::timestamp with time zone, '2022-06-16 08:11:00+03'::timestamp with time zone),
('684052bd-806b-4a08-a5c7-c13e772721e4', 'tsiory.her@demo.mg', crypt('C#p&ù$c2026>12', gen_salt('bf', 12)), 'client'::public.user_role, '2022-08-02 08:12:00+03'::timestamp with time zone, '2022-08-02 08:12:00+03'::timestamp with time zone),
('965262fb-57a0-41c8-af9d-20a7dbddcec2', 'fetra.solo@demo.mg', crypt('C#p&ù$c2026>13', gen_salt('bf', 12)), 'client'::public.user_role, '2022-09-18 08:13:00+03'::timestamp with time zone, '2022-09-18 08:13:00+03'::timestamp with time zone),
('b0312258-5d70-4a73-bd82-8a797bd4fe51', 'rija.tiana@demo.mg', crypt('C#p&ù$c2026>14', gen_salt('bf', 12)), 'client'::public.user_role, '2022-11-04 08:14:00+03'::timestamp with time zone, '2022-11-04 08:14:00+03'::timestamp with time zone),
('b38a087e-9950-4985-adaf-9f86e1ff9c50', 'soa.fara@demo.mg', crypt('C#p&ù$c2026>15', gen_salt('bf', 12)), 'client'::public.user_role, '2022-12-21 08:15:00+03'::timestamp with time zone, '2022-12-21 08:15:00+03'::timestamp with time zone),
('ea3f56ce-2911-4523-a81d-def1a24c3aa9', 'miora.koto@demo.mg', crypt('C#p&ù$c2026>16', gen_salt('bf', 12)), 'client'::public.user_role, '2023-02-06 08:16:00+03'::timestamp with time zone, '2023-02-06 08:16:00+03'::timestamp with time zone),
('fb64bfda-408c-4255-9fac-e7c9af0bf159', 'kanto.rabe@demo.mg', crypt('C#p&ù$c2026>17', gen_salt('bf', 12)), 'client'::public.user_role, '2023-03-25 08:17:00+03'::timestamp with time zone, '2023-03-25 08:17:00+03'::timestamp with time zone),
('089efcce-0002-4ea5-b142-f0d708de6ac0', 'eden.tovo@demo.mg', crypt('C#p&ù$c2026>18', gen_salt('bf', 12)), 'client'::public.user_role, '2023-05-11 08:18:00+03'::timestamp with time zone, '2023-05-11 08:18:00+03'::timestamp with time zone),
('d44b88ad-45af-4c12-b285-17fae9ec6546', 'harena.tsi@demo.mg', crypt('C#p&ù$c2026>19', gen_salt('bf', 12)), 'client'::public.user_role, '2023-06-27 08:19:00+03'::timestamp with time zone, '2023-06-27 08:19:00+03'::timestamp with time zone),
('f3b69938-ed8b-416b-a48b-c2110ba9c230', 'onja.fidy@demo.mg', crypt('C#p&ù$c2026>20', gen_salt('bf', 12)), 'client'::public.user_role, '2023-08-13 08:20:00+03'::timestamp with time zone, '2023-08-13 08:20:00+03'::timestamp with time zone),
('44542583-5581-4fb8-8058-988cbed5d0ef', 'noro.zan@demo.mg', crypt('C#p&ù$c2026>21', gen_salt('bf', 12)), 'client'::public.user_role, '2023-09-29 08:21:00+03'::timestamp with time zone, '2023-09-29 08:21:00+03'::timestamp with time zone),
('38a08dbb-4171-4c60-a855-bab3989e1e21', 'tahina.riv@demo.mg', crypt('C#p&ù$c2026>22', gen_salt('bf', 12)), 'client'::public.user_role, '2023-11-15 08:22:00+03'::timestamp with time zone, '2023-11-15 08:22:00+03'::timestamp with time zone),
('5170f0b7-526f-46fa-babb-831203a78689', 'mboa.hen@demo.mg', crypt('C#p&ù$c2026>23', gen_salt('bf', 12)), 'client'::public.user_role, '2024-01-01 08:23:00+03'::timestamp with time zone, '2024-01-01 08:23:00+03'::timestamp with time zone),
('93bae585-7c5d-4bcf-a584-78f86234cb2e', 'fidy.bota@demo.mg', crypt('C#p&ù$c2026>24', gen_salt('bf', 12)), 'client'::public.user_role, '2024-02-17 08:24:00+03'::timestamp with time zone, '2024-02-17 08:24:00+03'::timestamp with time zone),
('e39f0b44-af54-4afb-8403-81b0c08f4ca5', 'rova.nivo@demo.mg', crypt('C#p&ù$c2026>25', gen_salt('bf', 12)), 'client'::public.user_role, '2024-04-04 08:25:00+03'::timestamp with time zone, '2024-04-04 08:25:00+03'::timestamp with time zone),
('b36f3abb-121b-47be-9919-aa2286c6fc1b', 'tiana.hery@demo.mg', crypt('C#p&ù$c2026>26', gen_salt('bf', 12)), 'client'::public.user_role, '2024-05-21 08:26:00+03'::timestamp with time zone, '2024-05-21 08:26:00+03'::timestamp with time zone),
('d9dd2fff-b556-49c3-b9ec-bb66049425ec', 'anja.rina@demo.mg', crypt('C#p&ù$c2026>27', gen_salt('bf', 12)), 'client'::public.user_role, '2024-07-07 08:27:00+03'::timestamp with time zone, '2024-07-07 08:27:00+03'::timestamp with time zone),
('e39faf74-b154-4527-87a8-a2ec50ff58d2', 'ianto.solo@demo.mg', crypt('C#p&ù$c2026>28', gen_salt('bf', 12)), 'client'::public.user_role, '2024-08-23 08:28:00+03'::timestamp with time zone, '2024-08-23 08:28:00+03'::timestamp with time zone),
('ebec3b86-2e49-41bf-9ce5-a79ba07a7064', 'hanta.rav@demo.mg', crypt('C#p&ù$c2026>29', gen_salt('bf', 12)), 'client'::public.user_role, '2024-10-09 08:29:00+03'::timestamp with time zone, '2024-10-09 08:29:00+03'::timestamp with time zone),
('9d414c00-89aa-47b9-84b2-ac40b5237d7d', 'misa.laza@demo.mg', crypt('C#p&ù$c2026>30', gen_salt('bf', 12)), 'client'::public.user_role, '2024-11-25 08:30:00+03'::timestamp with time zone, '2024-11-25 08:30:00+03'::timestamp with time zone),
('1561aeee-2cfc-4111-8642-a7768e6c229c', 'lovar@assurance.mg', crypt('E!i#_]&&c2026>01', gen_salt('bf', 12)), 'employee'::public.user_role, '2021-03-17 09:07:00+03'::timestamp with time zone, '2021-03-17 09:07:00+03'::timestamp with time zone),
('931a2a99-5821-44e8-bff1-2ddd50e47484', 'arisoa@assurance.mg', crypt('E!i#_]&&c2026>02', gen_salt('bf', 12)), 'employee'::public.user_role, '2021-05-17 09:14:00+03'::timestamp with time zone, '2021-05-17 09:14:00+03'::timestamp with time zone),
('ae9e7451-f9c6-465d-a82b-2951976591d8', 'miora@assurance.mg', crypt('E!i#_]&&c2026>03', gen_salt('bf', 12)), 'employee'::public.user_role, '2021-07-17 09:21:00+03'::timestamp with time zone, '2021-07-17 09:21:00+03'::timestamp with time zone),
('458011fc-2919-410f-aed6-d22497394751', 'rado@assurance.mg', crypt('E!i#_]&&c2026>04', gen_salt('bf', 12)), 'employee'::public.user_role, '2021-09-16 09:28:00+03'::timestamp with time zone, '2021-09-16 09:28:00+03'::timestamp with time zone),
('db69162e-4cfa-4417-9442-1346b0e62e6b', 'hery@assurance.mg', crypt('E!i#_]&&c2026>05', gen_salt('bf', 12)), 'employee'::public.user_role, '2021-11-16 09:35:00+03'::timestamp with time zone, '2021-11-16 09:35:00+03'::timestamp with time zone),
('f45eefa1-f9bd-4410-8076-b5cb14295e64', 'tsiory@assurance.mg', crypt('E!i#_]&&c2026>06', gen_salt('bf', 12)), 'employee'::public.user_role, '2022-01-16 09:42:00+03'::timestamp with time zone, '2022-01-16 09:42:00+03'::timestamp with time zone),
('1b0f645e-8742-4b39-8817-95c7964a0944', 'fara@assurance.mg', crypt('E!i#_]&&c2026>07', gen_salt('bf', 12)), 'employee'::public.user_role, '2022-03-18 09:49:00+03'::timestamp with time zone, '2022-03-18 09:49:00+03'::timestamp with time zone),
('0d047cae-8fc6-4b0c-94cb-6ba65112bd71', 'tojo@assurance.mg', crypt('E!i#_]&&c2026>08', gen_salt('bf', 12)), 'employee'::public.user_role, '2022-05-18 09:56:00+03'::timestamp with time zone, '2022-05-18 09:56:00+03'::timestamp with time zone),
('f4481109-f847-4dc7-9ec6-5cc20d1b4964', 'anita@assurance.mg', crypt('E!i#_]&&c2026>09', gen_salt('bf', 12)), 'employee'::public.user_role, '2022-07-18 09:03:00+03'::timestamp with time zone, '2022-07-18 09:03:00+03'::timestamp with time zone),
('74cb1576-7cd3-4f1e-a0f8-d565dd00291c', 'sitraka@assurance.mg', crypt('E!i#_]&&c2026>10', gen_salt('bf', 12)), 'employee'::public.user_role, '2022-09-17 09:10:00+03'::timestamp with time zone, '2022-09-17 09:10:00+03'::timestamp with time zone);

-- Profiles

INSERT INTO public.profiles (user_id, first_name, last_name, phone, address, birth_date, profile_image_url, loyalty_score, risk_level, notes, is_active, join_date) VALUES

('65bc8449-3af5-422d-9ac5-0a37a57173a8', 'Aina', 'Rakoto', '+261340000001', 'Analakely, Antananarivo', '1992-01-14'::date, NULL, 82, 'medium', 'Client actif depuis 2021. Préférence: suivi digital.', TRUE, '2021-03-03'::date),
('b50665bf-304d-4fc0-957f-0db57c3eee88', 'Tojo', 'Rasoa', '+261340000002', 'Isotry, Antananarivo', '1988-03-22'::date, NULL, 49, 'low', 'Client actif depuis 2021. Préférence: suivi digital.', TRUE, '2021-04-19'::date),
('589f0ffd-102e-4b4a-bea9-64f8e3142e0c', 'Mialy', 'Andriam', '+261340000003', 'Ivandry, Antananarivo', '1995-07-08'::date, NULL, 43, 'medium', 'Client actif depuis 2021. Préférence: suivi digital.', TRUE, '2021-06-05'::date),
('ef22fa56-6c73-48f6-97b5-dca2b23bdf34', 'Hery', 'Rami', '+261340000004', 'Avaradoha, Antananarivo', '1984-11-30'::date, NULL, 89, 'high', 'Client actif depuis 2021. Préférence: suivi digital.', TRUE, '2021-07-22'::date),
('f60e91d6-08d5-4e91-8d81-9a9f84fc4e45', 'Lala', 'Randri', '+261340000005', 'Talatamaty, Antananarivo', '1990-05-17'::date, NULL, 59, 'medium', 'Client actif depuis 2021. Préférence: suivi digital.', TRUE, '2021-09-07'::date),
('891f8ea2-5b0e-48af-80a8-0b19dc1d42ac', 'Felana', 'Rasoa', '+261340000006', 'Ankorondrano, Antananarivo', '1998-09-12'::date, NULL, 57, 'low', 'Client actif depuis 2021. Préférence: suivi digital.', TRUE, '2021-10-24'::date),
('7df4e49c-8849-4397-9f74-9b5bb2e3d646', 'Mamy', 'Rak', '+261340000007', 'Andohatapenaka, Antananarivo', '1986-02-03'::date, NULL, 56, 'medium', 'Client actif depuis 2021. Préférence: suivi digital.', TRUE, '2021-12-10'::date),
('7e37bb50-acbd-4fa8-987e-6a8a15052c30', 'Naly', 'Riv', '+261340000008', 'Ambanidia, Antananarivo', '1993-12-20'::date, NULL, 50, 'medium', 'Client actif depuis 2022. Préférence: suivi digital.', TRUE, '2022-01-26'::date),
('015089ef-592c-4882-b515-55fe1d510183', 'Bodo', 'Raz', '+261340000009', 'Itaosy, Antananarivo', '1981-08-09'::date, NULL, 89, 'high', 'Client actif depuis 2022. Préférence: suivi digital.', TRUE, '2022-03-14'::date),
('eedb530a-893f-4b7d-a8dd-89fa116f6df5', 'Sitraka', 'Raja', '+261340000010', 'Alasora, Antananarivo', '1999-10-04'::date, NULL, 48, 'low', 'Client actif depuis 2022. Préférence: suivi digital.', TRUE, '2022-04-30'::date),
('f754e40c-eb6e-40f6-930b-45525d9d5a92', 'Voahirana', 'Lova', '+261340000011', 'Toamasina Centre', '1991-04-25'::date, NULL, 85, 'medium', 'Client actif depuis 2022. Préférence: suivi digital.', TRUE, '2022-06-16'::date),
('684052bd-806b-4a08-a5c7-c13e772721e4', 'Tsiory', 'Her', '+261340000012', 'Mahajanga Mahabibo', '1987-06-14'::date, NULL, 89, 'medium', 'Client actif depuis 2022. Préférence: suivi digital.', TRUE, '2022-08-02'::date),
('965262fb-57a0-41c8-af9d-20a7dbddcec2', 'Fetra', 'Solo', '+261340000013', 'Fianarantsoa Tsianolondroa', '1994-01-09'::date, NULL, 76, 'medium', 'Client actif depuis 2022. Préférence: suivi digital.', TRUE, '2022-09-18'::date),
('b0312258-5d70-4a73-bd82-8a797bd4fe51', 'Rija', 'Tiana', '+261340000014', 'Toliara Centre', '1989-03-18'::date, NULL, 47, 'low', 'Client actif depuis 2022. Préférence: suivi digital.', TRUE, '2022-11-04'::date),
('b38a087e-9950-4985-adaf-9f86e1ff9c50', 'Soa', 'Fara', '+261340000015', 'Hell-Ville, Nosy Be', '1996-11-02'::date, NULL, 79, 'medium', 'Client actif depuis 2022. Préférence: suivi digital.', TRUE, '2022-12-21'::date),
('ea3f56ce-2911-4523-a81d-def1a24c3aa9', 'Miora', 'Koto', '+261340000016', 'Antsirabe Centre', '1983-05-27'::date, NULL, 69, 'high', 'Client actif depuis 2023. Préférence: suivi digital.', TRUE, '2023-02-06'::date),
('fb64bfda-408c-4255-9fac-e7c9af0bf159', 'Kanto', 'Rabe', '+261340000017', 'Morondava', '1997-02-15'::date, NULL, 44, 'low', 'Client actif depuis 2023. Préférence: suivi digital.', TRUE, '2023-03-25'::date),
('089efcce-0002-4ea5-b142-f0d708de6ac0', 'Eden', 'Tovo', '+261340000018', 'Manakara', '1990-07-19'::date, NULL, 43, 'medium', 'Client actif depuis 2023. Préférence: suivi digital.', TRUE, '2023-05-11'::date),
('d44b88ad-45af-4c12-b285-17fae9ec6546', 'Harena', 'Tsi', '+261340000019', 'Antsiranana Centre', '1985-12-08'::date, NULL, 47, 'high', 'Client actif depuis 2023. Préférence: suivi digital.', TRUE, '2023-06-27'::date),
('f3b69938-ed8b-416b-a48b-c2110ba9c230', 'Onja', 'Fidy', '+261340000020', 'Ambatondrazaka', '1992-06-06'::date, NULL, 55, 'medium', 'Client actif depuis 2023. Préférence: suivi digital.', TRUE, '2023-08-13'::date),
('44542583-5581-4fb8-8058-988cbed5d0ef', 'Noro', 'Zan', '+261340000021', 'Ambohidratrimo', '1991-10-28'::date, NULL, 56, 'medium', 'Client actif depuis 2023. Préférence: suivi digital.', TRUE, '2023-09-29'::date),
('38a08dbb-4171-4c60-a855-bab3989e1e21', 'Tahina', 'Riv', '+261340000022', 'Arivonimamo', '1988-09-09'::date, NULL, 74, 'low', 'Client actif depuis 2023. Préférence: suivi digital.', TRUE, '2023-11-15'::date),
('5170f0b7-526f-46fa-babb-831203a78689', 'Mboa', 'Hen', '+261340000023', 'Moramanga', '1994-05-30'::date, NULL, 80, 'medium', 'Client actif depuis 2024. Préférence: suivi digital.', TRUE, '2024-01-01'::date),
('93bae585-7c5d-4bcf-a584-78f86234cb2e', 'Fidy', 'Bota', '+261340000024', 'Sambava', '1982-01-21'::date, NULL, 43, 'high', 'Client actif depuis 2024. Préférence: suivi digital.', TRUE, '2024-02-17'::date),
('e39f0b44-af54-4afb-8403-81b0c08f4ca5', 'Rova', 'Nivo', '+261340000025', 'Vohemar', '1995-04-16'::date, NULL, 77, 'medium', 'Client actif depuis 2024. Préférence: suivi digital.', TRUE, '2024-04-04'::date),
('b36f3abb-121b-47be-9919-aa2286c6fc1b', 'Tiana', 'Hery', '+261340000026', 'Maroantsetra', '1993-08-13'::date, NULL, 54, 'low', 'Client actif depuis 2024. Préférence: suivi digital.', TRUE, '2024-05-21'::date),
('d9dd2fff-b556-49c3-b9ec-bb66049425ec', 'Anja', 'Rina', '+261340000027', 'Mananjary', '1986-10-05'::date, NULL, 87, 'medium', 'Client actif depuis 2024. Préférence: suivi digital.', TRUE, '2024-07-07'::date),
('e39faf74-b154-4527-87a8-a2ec50ff58d2', 'Ianto', 'Solo', '+261340000028', 'Fort Dauphin', '1998-12-11'::date, NULL, 83, 'low', 'Client actif depuis 2024. Préférence: suivi digital.', TRUE, '2024-08-23'::date),
('ebec3b86-2e49-41bf-9ce5-a79ba07a7064', 'Hanta', 'Rav', '+261340000029', 'Ambanja', '1990-02-26'::date, NULL, 86, 'medium', 'Client actif depuis 2024. Préférence: suivi digital.', TRUE, '2024-10-09'::date),
('9d414c00-89aa-47b9-84b2-ac40b5237d7d', 'Misa', 'Laza', '+261340000030', 'Ambilobe', '1984-07-07'::date, NULL, 76, 'high', 'Client actif depuis 2024. Préférence: suivi digital.', TRUE, '2024-11-25'::date),
('1561aeee-2cfc-4111-8642-a7768e6c229c', 'Lova', 'Ratsimba', '+261330000001', 'Analamahitsy, Antananarivo', '1989-01-11'::date, NULL, 95, 'low', 'Employé manager.', TRUE, '2021-03-17'::date),
('931a2a99-5821-44e8-bff1-2ddd50e47484', 'Arisoa', 'Rakoto', '+261330000002', 'Ankorondrano, Antananarivo', '1991-02-19'::date, NULL, 95, 'low', 'Employé claims.', TRUE, '2021-05-17'::date),
('ae9e7451-f9c6-465d-a82b-2951976591d8', 'Miora', 'Ratsima', '+261330000003', 'Ivandry, Antananarivo', '1987-05-04'::date, NULL, 95, 'low', 'Employé service.', TRUE, '2021-07-17'::date),
('458011fc-2919-410f-aed6-d22497394751', 'Rado', 'Andry', '+261330000004', 'Isotry, Antananarivo', '1984-09-23'::date, NULL, 95, 'low', 'Employé sales.', TRUE, '2021-09-16'::date),
('db69162e-4cfa-4417-9442-1346b0e62e6b', 'Hery', 'Ravel', '+261330000005', 'Avaradoha, Antananarivo', '1988-11-07'::date, NULL, 95, 'low', 'Employé claims.', TRUE, '2021-11-16'::date),
('f45eefa1-f9bd-4410-8076-b5cb14295e64', 'Tsiory', 'Nirina', '+261330000006', 'Analakely, Antananarivo', '1993-03-15'::date, NULL, 95, 'low', 'Employé service.', TRUE, '2022-01-16'::date),
('1b0f645e-8742-4b39-8817-95c7964a0944', 'Fara', 'Nantenaina', '+261330000007', 'Talatamaty, Antananarivo', '1990-06-29'::date, NULL, 95, 'low', 'Employé admin.', TRUE, '2022-03-18'::date),
('0d047cae-8fc6-4b0c-94cb-6ba65112bd71', 'Tojo', 'Mamy', '+261330000008', 'Toamasina Centre', '1986-08-18'::date, NULL, 95, 'low', 'Employé sales.', TRUE, '2022-05-18'::date),
('f4481109-f847-4dc7-9ec6-5cc20d1b4964', 'Anita', 'Razaf', '+261330000009', 'Mahajanga Mahabibo', '1992-12-02'::date, NULL, 95, 'low', 'Employé service.', TRUE, '2022-07-18'::date),
('74cb1576-7cd3-4f1e-a0f8-d565dd00291c', 'Sitraka', 'Rana', '+261330000010', 'Fianarantsoa Tsianolondroa', '1985-04-08'::date, NULL, 95, 'low', 'Employé claims.', TRUE, '2022-09-17'::date);

-- Quotes

INSERT INTO public.quotes (id, reference, client_id, type, status, amount, deductible, coverage_details, validity_days, vehicle_details, property_details, created_at) VALUES

('c613d1ce-4f03-4226-953d-e18ee12340fb', 'DEV-2021-001', '65bc8449-3af5-422d-9ac5-0a37a57173a8', 'auto'::public.contract_type, 'accepte'::public.quote_status, 329, 250, 'Couverture auto adaptée au profil client 1.', 15, '{"year": "2013", "brand": "Dacia", "model": "Activa", "cylindree": "750", "puissance": 12, "kilometrage": 24000}'::jsonb, NULL, '2021-05-16 10:01:00+03'::timestamp with time zone),
('393d70c0-0f71-4c5a-82ab-e3a8d4486245', 'DEV-2021-002', 'b50665bf-304d-4fc0-957f-0db57c3eee88', 'habitation'::public.contract_type, 'refuse'::public.quote_status, 254, 400, 'Couverture habitation adaptée au profil client 2.', 30, NULL, '{"address": "Mahajanga", "type": "appartement", "rooms": 4, "surface_m2": 80}'::jsonb, '2021-06-16 10:02:00+03'::timestamp with time zone),
('ad42b5c7-e901-499b-86ec-39a46d65eb74', 'DEV-2021-003', '589f0ffd-102e-4b4a-bea9-64f8e3142e0c', 'sante'::public.contract_type, 'expire'::public.quote_status, 198, 50, 'Couverture sante adaptée au profil client 3.', 60, NULL, '{"coverage_area": "privé", "hospital": "Clinique des Îles"}'::jsonb, '2021-07-17 10:03:00+03'::timestamp with time zone),
('144cf601-9ecf-4640-aff2-0c6ae0af6fdb', 'DEV-2021-004', 'ef22fa56-6c73-48f6-97b5-dca2b23bdf34', 'moto'::public.contract_type, 'envoye'::public.quote_status, 111, 80, 'Couverture moto adaptée au profil client 4.', 60, '{"year": "2016", "brand": "Kia", "model": "Corolla", "cylindree": "1000", "puissance": 7, "kilometrage": null}'::jsonb, NULL, '2021-08-17 10:04:00+03'::timestamp with time zone),
('4d727db7-0cf2-4ebb-83d9-58f504d0e197', 'DEV-2021-005', 'f60e91d6-08d5-4e91-8d81-9a9f84fc4e45', 'auto'::public.contract_type, 'en_attente'::public.quote_status, 365, 250, 'Couverture auto adaptée au profil client 5.', 45, '{"year": "2017", "brand": "Dacia", "model": "Yaris", "cylindree": "1000", "puissance": 7, "kilometrage": 54000}'::jsonb, NULL, '2021-09-17 10:05:00+03'::timestamp with time zone),
('a10fca88-dd85-450e-8dbd-2aa279d14362', 'DEV-2021-006', '891f8ea2-5b0e-48af-80a8-0b19dc1d42ac', 'habitation'::public.contract_type, 'accepte'::public.quote_status, 282, 400, 'Couverture habitation adaptée au profil client 6.', 15, NULL, '{"address": "Antananarivo Centre", "type": "maison", "rooms": 3, "surface_m2": 95}'::jsonb, '2021-10-18 10:06:00+03'::timestamp with time zone),
('3ccbb758-cb3c-468c-98d9-ec49e6da6d96', 'DEV-2021-007', '7df4e49c-8849-4397-9f74-9b5bb2e3d646', 'sante'::public.contract_type, 'refuse'::public.quote_status, 222, 50, 'Couverture sante adaptée au profil client 7.', 45, NULL, '{"coverage_area": "privé", "hospital": "Hôpital Salfa"}'::jsonb, '2021-11-18 10:07:00+03'::timestamp with time zone),
('609d6e3b-915a-4d58-bb31-943ef69dc7be', 'DEV-2021-008', '7e37bb50-acbd-4fa8-987e-6a8a15052c30', 'moto'::public.contract_type, 'expire'::public.quote_status, 127, 80, 'Couverture moto adaptée au profil client 8.', 45, '{"year": "2020", "brand": "Kia", "model": "i10", "cylindree": "200", "puissance": 7, "kilometrage": 12000}'::jsonb, NULL, '2021-12-19 10:08:00+03'::timestamp with time zone),
('41084dbb-8101-4bcc-998c-64a49e1b804f', 'DEV-2022-009', '015089ef-592c-4882-b515-55fe1d510183', 'auto'::public.contract_type, 'envoye'::public.quote_status, 401, 250, 'Couverture auto adaptée au profil client 9.', 45, '{"year": "2021", "brand": "Hyundai", "model": "Activa", "cylindree": "150", "puissance": 9, "kilometrage": 36000}'::jsonb, NULL, '2022-01-19 10:09:00+03'::timestamp with time zone),
('8912ee56-7331-47d5-b3d4-a4c1d4549b54', 'DEV-2022-010', 'eedb530a-893f-4b7d-a8dd-89fa116f6df5', 'habitation'::public.contract_type, 'en_attente'::public.quote_status, 310, 400, 'Couverture habitation adaptée au profil client 10.', 45, NULL, '{"address": "Fianarantsoa", "type": "maison", "rooms": 3, "surface_m2": 60}'::jsonb, '2022-02-19 10:10:00+03'::timestamp with time zone),
('d7fd487d-b0a8-4c3a-bd8d-483ed8d6ea4b', 'DEV-2022-011', 'f754e40c-eb6e-40f6-930b-45525d9d5a92', 'sante'::public.contract_type, 'accepte'::public.quote_status, 246, 50, 'Couverture sante adaptée au profil client 11.', 30, NULL, '{"coverage_area": "famille", "hospital": "Clinique des Îles"}'::jsonb, '2022-03-22 10:11:00+03'::timestamp with time zone),
('87eccf35-81fa-437e-9501-50d85b17f936', 'DEV-2022-012', '684052bd-806b-4a08-a5c7-c13e772721e4', 'moto'::public.contract_type, 'refuse'::public.quote_status, 143, 80, 'Couverture moto adaptée au profil client 12.', 45, '{"year": "2012", "brand": "Yamaha", "model": "GSX", "cylindree": "750", "puissance": 9, "kilometrage": 12000}'::jsonb, NULL, '2022-04-22 10:12:00+03'::timestamp with time zone),
('b51d60fe-92b2-4584-8719-95671dcdb037', 'DEV-2022-013', '965262fb-57a0-41c8-af9d-20a7dbddcec2', 'auto'::public.contract_type, 'expire'::public.quote_status, 437, 250, 'Couverture auto adaptée au profil client 13.', 60, '{"year": "2013", "brand": "Yamaha", "model": "Duster", "cylindree": "1500", "puissance": 12, "kilometrage": 36000}'::jsonb, NULL, '2022-05-23 10:13:00+03'::timestamp with time zone),
('f4ff884a-e31b-4f09-80c2-790940ce9afa', 'DEV-2022-014', 'b0312258-5d70-4a73-bd82-8a797bd4fe51', 'habitation'::public.contract_type, 'envoye'::public.quote_status, 338, 400, 'Couverture habitation adaptée au profil client 14.', 15, NULL, '{"address": "Toamasina", "type": "maison", "rooms": 5, "surface_m2": 60}'::jsonb, '2022-06-23 10:14:00+03'::timestamp with time zone),
('80f0f9e5-6576-4d29-ab5f-306328cc5855', 'DEV-2022-015', 'b38a087e-9950-4985-adaf-9f86e1ff9c50', 'sante'::public.contract_type, 'en_attente'::public.quote_status, 270, 50, 'Couverture sante adaptée au profil client 15.', 30, NULL, '{"coverage_area": "privé", "hospital": "Polyclinique"}'::jsonb, '2022-07-24 10:15:00+03'::timestamp with time zone),
('df0e3fe4-1d6f-4aaf-acda-39819ba16acc', 'DEV-2022-016', 'ea3f56ce-2911-4523-a81d-def1a24c3aa9', 'moto'::public.contract_type, 'accepte'::public.quote_status, 159, 80, 'Couverture moto adaptée au profil client 16.', 45, '{"year": "2016", "brand": "Renault", "model": "City", "cylindree": "750", "puissance": 12, "kilometrage": 36000}'::jsonb, NULL, '2022-08-24 10:16:00+03'::timestamp with time zone),
('4061961b-0d8c-489c-bbcf-ac5f67001652', 'DEV-2022-017', 'fb64bfda-408c-4255-9fac-e7c9af0bf159', 'auto'::public.contract_type, 'refuse'::public.quote_status, 473, 250, 'Couverture auto adaptée au profil client 17.', 45, '{"year": "2017", "brand": "Renault", "model": "Duster", "cylindree": "1500", "puissance": 7, "kilometrage": null}'::jsonb, NULL, '2022-09-24 10:17:00+03'::timestamp with time zone),
('a3b8357e-1aac-4b16-882b-637b8d0c7c88', 'DEV-2022-018', '089efcce-0002-4ea5-b142-f0d708de6ac0', 'habitation'::public.contract_type, 'expire'::public.quote_status, 366, 400, 'Couverture habitation adaptée au profil client 18.', 30, NULL, '{"address": "Toamasina", "type": "appartement", "rooms": 2, "surface_m2": 95}'::jsonb, '2022-10-25 10:18:00+03'::timestamp with time zone),
('4bb47c18-b22c-4012-a318-1ac06dc8f4b9', 'DEV-2022-019', 'd44b88ad-45af-4c12-b285-17fae9ec6546', 'sante'::public.contract_type, 'envoye'::public.quote_status, 294, 50, 'Couverture sante adaptée au profil client 19.', 30, NULL, '{"coverage_area": "professionnel", "hospital": "Hôpital Salfa"}'::jsonb, '2022-11-25 10:19:00+03'::timestamp with time zone),
('259de707-bf08-4b4e-8b42-3dd15b1c587c', 'DEV-2022-020', 'f3b69938-ed8b-416b-a48b-c2110ba9c230', 'moto'::public.contract_type, 'en_attente'::public.quote_status, 175, 80, 'Couverture moto adaptée au profil client 20.', 45, '{"year": "2020", "brand": "Kia", "model": "i10", "cylindree": "1000", "puissance": 12, "kilometrage": null}'::jsonb, NULL, '2022-12-26 10:20:00+03'::timestamp with time zone),
('d71f1409-b65c-4bf5-9d07-3e9ec273191a', 'DEV-2023-021', '44542583-5581-4fb8-8058-988cbed5d0ef', 'auto'::public.contract_type, 'accepte'::public.quote_status, 509, 250, 'Couverture auto adaptée au profil client 21.', 15, '{"year": "2021", "brand": "Toyota", "model": "Yaris", "cylindree": "200", "puissance": 7, "kilometrage": 12000}'::jsonb, NULL, '2023-01-26 10:21:00+03'::timestamp with time zone),
('23ba2b83-ed74-48ac-9579-52594d17c3ca', 'DEV-2023-022', '38a08dbb-4171-4c60-a855-bab3989e1e21', 'habitation'::public.contract_type, 'refuse'::public.quote_status, 394, 400, 'Couverture habitation adaptée au profil client 22.', 30, NULL, '{"address": "Antananarivo Centre", "type": "maison", "rooms": 5, "surface_m2": 60}'::jsonb, '2023-02-26 10:22:00+03'::timestamp with time zone),
('5cce8a7d-d3cd-4d5e-91cb-1efad0d89ac5', 'DEV-2023-023', '5170f0b7-526f-46fa-babb-831203a78689', 'sante'::public.contract_type, 'expire'::public.quote_status, 318, 50, 'Couverture sante adaptée au profil client 23.', 30, NULL, '{"coverage_area": "professionnel", "hospital": "Hôpital Salfa"}'::jsonb, '2023-03-29 10:23:00+03'::timestamp with time zone),
('dada8cbd-e495-4224-88ce-5544a4e0395c', 'DEV-2023-024', '93bae585-7c5d-4bcf-a584-78f86234cb2e', 'moto'::public.contract_type, 'envoye'::public.quote_status, 191, 80, 'Couverture moto adaptée au profil client 24.', 60, '{"year": "2012", "brand": "Dacia", "model": "Activa", "cylindree": "1000", "puissance": 5, "kilometrage": 24000}'::jsonb, NULL, '2023-04-29 10:24:00+03'::timestamp with time zone),
('4ea44c80-74be-4af7-be3b-e8a59e7b1868', 'DEV-2023-025', 'e39f0b44-af54-4afb-8403-81b0c08f4ca5', 'auto'::public.contract_type, 'en_attente'::public.quote_status, 545, 250, 'Couverture auto adaptée au profil client 25.', 15, '{"year": "2013", "brand": "Honda", "model": "GSX", "cylindree": "125", "puissance": 5, "kilometrage": 12000}'::jsonb, NULL, '2023-05-30 10:25:00+03'::timestamp with time zone),
('98d1b26a-3d77-482f-a88b-37dbe3218f20', 'DEV-2023-026', 'b36f3abb-121b-47be-9919-aa2286c6fc1b', 'habitation'::public.contract_type, 'accepte'::public.quote_status, 422, 400, 'Couverture habitation adaptée au profil client 26.', 30, NULL, '{"address": "Antananarivo Centre", "type": "villa", "rooms": 3, "surface_m2": 160}'::jsonb, '2023-06-30 10:26:00+03'::timestamp with time zone),
('77f49482-fc71-4fa0-b840-f36216550031', 'DEV-2023-027', 'd9dd2fff-b556-49c3-b9ec-bb66049425ec', 'sante'::public.contract_type, 'refuse'::public.quote_status, 342, 50, 'Couverture sante adaptée au profil client 27.', 15, NULL, '{"coverage_area": "privé", "hospital": "Polyclinique"}'::jsonb, '2023-07-31 10:27:00+03'::timestamp with time zone),
('e7aa81d9-82f2-41b3-b2b9-935336f5d2cf', 'DEV-2023-028', 'e39faf74-b154-4527-87a8-a2ec50ff58d2', 'moto'::public.contract_type, 'expire'::public.quote_status, 207, 80, 'Couverture moto adaptée au profil client 28.', 30, '{"year": "2016", "brand": "Renault", "model": "Clio", "cylindree": "200", "puissance": null, "kilometrage": 54000}'::jsonb, NULL, '2023-08-31 10:28:00+03'::timestamp with time zone),
('5dd1822b-c0a7-4521-af79-419af9b919ad', 'DEV-2023-029', 'ebec3b86-2e49-41bf-9ce5-a79ba07a7064', 'auto'::public.contract_type, 'envoye'::public.quote_status, 581, 250, 'Couverture auto adaptée au profil client 29.', 60, '{"year": "2017", "brand": "Honda", "model": "Activa", "cylindree": "1000", "puissance": 5, "kilometrage": 54000}'::jsonb, NULL, '2023-10-01 10:29:00+03'::timestamp with time zone),
('3397b6ed-a2c0-49fe-898f-6dc1bbe29a35', 'DEV-2023-030', '9d414c00-89aa-47b9-84b2-ac40b5237d7d', 'habitation'::public.contract_type, 'en_attente'::public.quote_status, 450, 400, 'Couverture habitation adaptée au profil client 30.', 15, NULL, '{"address": "Mahajanga", "type": "appartement", "rooms": 3, "surface_m2": 60}'::jsonb, '2023-11-01 10:30:00+03'::timestamp with time zone);

-- Contracts

INSERT INTO public.contracts (id, policy_number, client_id, quote_id, type, status, start_date, end_date, annual_amount, deductible, coverage, payment_method, vehicle_info, property_info, created_at) VALUES

('43ddda52-09ce-42de-af5f-3d91e36997d3', 'POL-AUTO-2021-001', '65bc8449-3af5-422d-9ac5-0a37a57173a8', 'c613d1ce-4f03-4226-953d-e18ee12340fb', 'auto'::public.contract_type, 'en_attente'::public.contract_status, '2021-05-23'::date, '2022-05-23'::date, 329, 250, 'standard', 'trimestriel', '{"year": "2013", "brand": "Dacia", "model": "Activa", "cylindree": "750", "puissance": 12, "kilometrage": 24000}'::jsonb, NULL, '2021-05-16 10:03:00+03'::timestamp with time zone),
('338275b7-2806-40ff-aa81-a7fbb8bee643', 'POL-HAB-2021-002', 'b50665bf-304d-4fc0-957f-0db57c3eee88', '393d70c0-0f71-4c5a-82ab-e3a8d4486245', 'habitation'::public.contract_type, 'actif'::public.contract_status, '2021-06-23'::date, '2023-06-23'::date, 254, 400, 'medium', 'semestriel', NULL, '{"address": "Mahajanga", "type": "appartement", "rooms": 4, "surface_m2": 80}'::jsonb, '2021-06-16 10:06:00+03'::timestamp with time zone),
('c9e049ca-4c93-475b-9f32-8da069be4bf4', 'POL-SAN-2021-003', '589f0ffd-102e-4b4a-bea9-64f8e3142e0c', 'ad42b5c7-e901-499b-86ec-39a46d65eb74', 'sante'::public.contract_type, 'en_attente'::public.contract_status, '2021-07-24'::date, '2022-07-24'::date, 198, 50, 'basic', 'annuel', NULL, '{"coverage_area": "privé", "hospital": "Clinique des Îles"}'::jsonb, '2021-07-17 10:09:00+03'::timestamp with time zone),
('c2df3a80-2a6b-41c2-ae81-e95b89cfd954', 'POL-MOT-2021-004', 'ef22fa56-6c73-48f6-97b5-dca2b23bdf34', '144cf601-9ecf-4640-aff2-0c6ae0af6fdb', 'moto'::public.contract_type, 'actif'::public.contract_status, '2021-08-24'::date, '2022-08-24'::date, 111, 80, 'basic', 'mensuel', '{"year": "2016", "brand": "Kia", "model": "Corolla", "cylindree": "1000", "puissance": 7, "kilometrage": null}'::jsonb, NULL, '2021-08-17 10:12:00+03'::timestamp with time zone),
('ca5dcfba-20af-4b7b-a2d3-b1423246a466', 'POL-AUTO-2021-005', 'f60e91d6-08d5-4e91-8d81-9a9f84fc4e45', '4d727db7-0cf2-4ebb-83d9-58f504d0e197', 'auto'::public.contract_type, 'en_attente'::public.contract_status, '2021-09-24'::date, '2022-09-24'::date, 365, 250, 'standard', 'trimestriel', '{"year": "2017", "brand": "Dacia", "model": "Yaris", "cylindree": "1000", "puissance": 7, "kilometrage": 54000}'::jsonb, NULL, '2021-09-17 10:15:00+03'::timestamp with time zone),
('701cec7b-1eff-4f85-8d8e-189b289f8c41', 'POL-HAB-2021-006', '891f8ea2-5b0e-48af-80a8-0b19dc1d42ac', 'a10fca88-dd85-450e-8dbd-2aa279d14362', 'habitation'::public.contract_type, 'actif'::public.contract_status, '2021-10-25'::date, '2023-10-25'::date, 282, 400, 'standard', 'semestriel', NULL, '{"address": "Antananarivo Centre", "type": "maison", "rooms": 3, "surface_m2": 95}'::jsonb, '2021-10-18 10:18:00+03'::timestamp with time zone),
('d75da895-43ae-436e-bd50-afdd6b2beba1', 'POL-SAN-2021-007', '7df4e49c-8849-4397-9f74-9b5bb2e3d646', '3ccbb758-cb3c-468c-98d9-ec49e6da6d96', 'sante'::public.contract_type, 'en_attente'::public.contract_status, '2021-11-25'::date, '2022-11-25'::date, 222, 50, 'premium', 'annuel', NULL, '{"coverage_area": "privé", "hospital": "Hôpital Salfa"}'::jsonb, '2021-11-18 10:21:00+03'::timestamp with time zone),
('65c90216-d4cc-4e44-b91d-ce6664dc6370', 'POL-MOT-2021-008', '7e37bb50-acbd-4fa8-987e-6a8a15052c30', '609d6e3b-915a-4d58-bb31-943ef69dc7be', 'moto'::public.contract_type, 'actif'::public.contract_status, '2021-12-26'::date, '2022-12-26'::date, 127, 80, 'basic', 'mensuel', '{"year": "2020", "brand": "Kia", "model": "i10", "cylindree": "200", "puissance": 7, "kilometrage": 12000}'::jsonb, NULL, '2021-12-19 10:24:00+03'::timestamp with time zone),
('4bb40574-b30e-4bb4-905c-481de228fdf2', 'POL-AUTO-2022-009', '015089ef-592c-4882-b515-55fe1d510183', '41084dbb-8101-4bcc-998c-64a49e1b804f', 'auto'::public.contract_type, 'en_attente'::public.contract_status, '2022-01-26'::date, '2023-01-26'::date, 401, 250, 'standard', 'trimestriel', '{"year": "2021", "brand": "Hyundai", "model": "Activa", "cylindree": "150", "puissance": 9, "kilometrage": 36000}'::jsonb, NULL, '2022-01-19 10:27:00+03'::timestamp with time zone),
('3fa74a85-d707-435a-a24a-c9550883d40d', 'POL-HAB-2022-010', 'eedb530a-893f-4b7d-a8dd-89fa116f6df5', '8912ee56-7331-47d5-b3d4-a4c1d4549b54', 'habitation'::public.contract_type, 'actif'::public.contract_status, '2022-02-26'::date, '2024-02-26'::date, 310, 400, 'premium', 'semestriel', NULL, '{"address": "Fianarantsoa", "type": "maison", "rooms": 3, "surface_m2": 60}'::jsonb, '2022-02-19 10:30:00+03'::timestamp with time zone),
('1d732169-9428-469e-a893-792f9394b173', 'POL-SAN-2022-011', 'f754e40c-eb6e-40f6-930b-45525d9d5a92', 'd7fd487d-b0a8-4c3a-bd8d-483ed8d6ea4b', 'sante'::public.contract_type, 'en_attente'::public.contract_status, '2022-03-29'::date, '2023-03-29'::date, 246, 50, 'medium', 'annuel', NULL, '{"coverage_area": "famille", "hospital": "Clinique des Îles"}'::jsonb, '2022-03-22 10:33:00+03'::timestamp with time zone),
('bd96b93b-cb8d-4f67-bc6c-82c5feb53026', 'POL-MOT-2022-012', '684052bd-806b-4a08-a5c7-c13e772721e4', '87eccf35-81fa-437e-9501-50d85b17f936', 'moto'::public.contract_type, 'actif'::public.contract_status, '2022-04-29'::date, '2023-04-29'::date, 143, 80, 'standard', 'mensuel', '{"year": "2012", "brand": "Yamaha", "model": "GSX", "cylindree": "750", "puissance": 9, "kilometrage": 12000}'::jsonb, NULL, '2022-04-22 10:36:00+03'::timestamp with time zone),
('57efd52e-4d7d-44ec-84f2-8e9dba06c958', 'POL-AUTO-2022-013', '965262fb-57a0-41c8-af9d-20a7dbddcec2', 'b51d60fe-92b2-4584-8719-95671dcdb037', 'auto'::public.contract_type, 'en_attente'::public.contract_status, '2022-05-30'::date, '2023-05-30'::date, 437, 250, 'medium', 'trimestriel', '{"year": "2013", "brand": "Yamaha", "model": "Duster", "cylindree": "1500", "puissance": 12, "kilometrage": 36000}'::jsonb, NULL, '2022-05-23 10:39:00+03'::timestamp with time zone),
('3ff51e2f-9099-4032-8c6f-e11bbf88dd65', 'POL-HAB-2022-014', 'b0312258-5d70-4a73-bd82-8a797bd4fe51', 'f4ff884a-e31b-4f09-80c2-790940ce9afa', 'habitation'::public.contract_type, 'actif'::public.contract_status, '2022-06-30'::date, '2024-06-29'::date, 338, 400, 'basic', 'semestriel', NULL, '{"address": "Toamasina", "type": "maison", "rooms": 5, "surface_m2": 60}'::jsonb, '2022-06-23 10:42:00+03'::timestamp with time zone),
('aac76ccb-ae74-42ac-aeeb-a33d3797d107', 'POL-SAN-2022-015', 'b38a087e-9950-4985-adaf-9f86e1ff9c50', '80f0f9e5-6576-4d29-ab5f-306328cc5855', 'sante'::public.contract_type, 'en_attente'::public.contract_status, '2022-07-31'::date, '2023-07-31'::date, 270, 50, 'premium', 'annuel', NULL, '{"coverage_area": "privé", "hospital": "Polyclinique"}'::jsonb, '2022-07-24 10:45:00+03'::timestamp with time zone),
('93227b80-4b20-4367-aa99-bb28561664f0', 'POL-MOT-2022-016', 'ea3f56ce-2911-4523-a81d-def1a24c3aa9', 'df0e3fe4-1d6f-4aaf-acda-39819ba16acc', 'moto'::public.contract_type, 'actif'::public.contract_status, '2022-08-31'::date, '2023-08-31'::date, 159, 80, 'basic', 'mensuel', '{"year": "2016", "brand": "Renault", "model": "City", "cylindree": "750", "puissance": 12, "kilometrage": 36000}'::jsonb, NULL, '2022-08-24 10:48:00+03'::timestamp with time zone),
('824672ae-f04d-4fbd-b559-effd1b77baf5', 'POL-AUTO-2022-017', 'fb64bfda-408c-4255-9fac-e7c9af0bf159', '4061961b-0d8c-489c-bbcf-ac5f67001652', 'auto'::public.contract_type, 'en_attente'::public.contract_status, '2022-10-01'::date, '2023-10-01'::date, 473, 250, 'premium', 'trimestriel', '{"year": "2017", "brand": "Renault", "model": "Duster", "cylindree": "1500", "puissance": 7, "kilometrage": null}'::jsonb, NULL, '2022-09-24 10:51:00+03'::timestamp with time zone),
('55c3ee37-789d-49d2-a463-b913a16fb231', 'POL-HAB-2022-018', '089efcce-0002-4ea5-b142-f0d708de6ac0', 'a3b8357e-1aac-4b16-882b-637b8d0c7c88', 'habitation'::public.contract_type, 'actif'::public.contract_status, '2022-11-01'::date, '2024-10-31'::date, 366, 400, 'basic', 'semestriel', NULL, '{"address": "Toamasina", "type": "appartement", "rooms": 2, "surface_m2": 95}'::jsonb, '2022-10-25 10:54:00+03'::timestamp with time zone),
('b58c188a-e750-442e-8829-feca55afc43d', 'POL-SAN-2022-019', 'd44b88ad-45af-4c12-b285-17fae9ec6546', '4bb47c18-b22c-4012-a318-1ac06dc8f4b9', 'sante'::public.contract_type, 'en_attente'::public.contract_status, '2022-12-02'::date, '2023-12-02'::date, 294, 50, 'standard', 'annuel', NULL, '{"coverage_area": "professionnel", "hospital": "Hôpital Salfa"}'::jsonb, '2022-11-25 10:57:00+03'::timestamp with time zone),
('ab30bdbc-56bc-4619-91e4-5239087f3d66', 'POL-MOT-2022-020', 'f3b69938-ed8b-416b-a48b-c2110ba9c230', '259de707-bf08-4b4e-8b42-3dd15b1c587c', 'moto'::public.contract_type, 'actif'::public.contract_status, '2023-01-02'::date, '2024-01-02'::date, 175, 80, 'premium', 'mensuel', '{"year": "2020", "brand": "Kia", "model": "i10", "cylindree": "1000", "puissance": 12, "kilometrage": null}'::jsonb, NULL, '2022-12-26 10:00:00+03'::timestamp with time zone),
('708e1748-cbe4-4f4e-9d61-7a249cbb057e', 'POL-AUTO-2023-021', '44542583-5581-4fb8-8058-988cbed5d0ef', 'd71f1409-b65c-4bf5-9d07-3e9ec273191a', 'auto'::public.contract_type, 'en_attente'::public.contract_status, '2023-02-02'::date, '2024-02-02'::date, 509, 250, 'standard', 'trimestriel', '{"year": "2021", "brand": "Toyota", "model": "Yaris", "cylindree": "200", "puissance": 7, "kilometrage": 12000}'::jsonb, NULL, '2023-01-26 10:03:00+03'::timestamp with time zone),
('b77a0f48-d662-4c65-95f3-81424209d5d9', 'POL-HAB-2023-022', '38a08dbb-4171-4c60-a855-bab3989e1e21', '23ba2b83-ed74-48ac-9579-52594d17c3ca', 'habitation'::public.contract_type, 'actif'::public.contract_status, '2023-03-05'::date, '2025-03-04'::date, 394, 400, 'standard', 'semestriel', NULL, '{"address": "Antananarivo Centre", "type": "maison", "rooms": 5, "surface_m2": 60}'::jsonb, '2023-02-26 10:06:00+03'::timestamp with time zone),
('dd07a316-11c4-4e1f-aa26-2c669266278c', 'POL-SAN-2023-023', '5170f0b7-526f-46fa-babb-831203a78689', '5cce8a7d-d3cd-4d5e-91cb-1efad0d89ac5', 'sante'::public.contract_type, 'en_attente'::public.contract_status, '2023-04-05'::date, '2024-04-04'::date, 318, 50, 'medium', 'annuel', NULL, '{"coverage_area": "professionnel", "hospital": "Hôpital Salfa"}'::jsonb, '2023-03-29 10:09:00+03'::timestamp with time zone),
('e4355c04-1a08-4694-a8e8-1977c7556242', 'POL-MOT-2023-024', '93bae585-7c5d-4bcf-a584-78f86234cb2e', 'dada8cbd-e495-4224-88ce-5544a4e0395c', 'moto'::public.contract_type, 'actif'::public.contract_status, '2023-05-06'::date, '2024-05-05'::date, 191, 80, 'medium', 'mensuel', '{"year": "2012", "brand": "Dacia", "model": "Activa", "cylindree": "1000", "puissance": 5, "kilometrage": 24000}'::jsonb, NULL, '2023-04-29 10:12:00+03'::timestamp with time zone),
('f38ad8d6-8078-4614-b550-049c95ae043e', 'POL-AUTO-2023-025', 'e39f0b44-af54-4afb-8403-81b0c08f4ca5', '4ea44c80-74be-4af7-be3b-e8a59e7b1868', 'auto'::public.contract_type, 'en_attente'::public.contract_status, '2023-06-06'::date, '2024-06-05'::date, 545, 250, 'medium', 'trimestriel', '{"year": "2013", "brand": "Honda", "model": "GSX", "cylindree": "125", "puissance": 5, "kilometrage": 12000}'::jsonb, NULL, '2023-05-30 10:15:00+03'::timestamp with time zone),
('0eb96564-4128-49de-a517-6d0f3f8d4e5a', 'POL-HAB-2023-026', 'b36f3abb-121b-47be-9919-aa2286c6fc1b', '98d1b26a-3d77-482f-a88b-37dbe3218f20', 'habitation'::public.contract_type, 'actif'::public.contract_status, '2023-07-07'::date, '2025-07-06'::date, 422, 400, 'basic', 'semestriel', NULL, '{"address": "Antananarivo Centre", "type": "villa", "rooms": 3, "surface_m2": 160}'::jsonb, '2023-06-30 10:18:00+03'::timestamp with time zone),
('35f4c226-a3d4-4a33-af54-b4b49607c6a1', 'POL-SAN-2023-027', 'd9dd2fff-b556-49c3-b9ec-bb66049425ec', '77f49482-fc71-4fa0-b840-f36216550031', 'sante'::public.contract_type, 'en_attente'::public.contract_status, '2023-08-07'::date, '2024-08-06'::date, 342, 50, 'standard', 'annuel', NULL, '{"coverage_area": "privé", "hospital": "Polyclinique"}'::jsonb, '2023-07-31 10:21:00+03'::timestamp with time zone),
('bc3d393a-73ca-46d7-96bd-e56619d9a0f8', 'POL-MOT-2023-028', 'e39faf74-b154-4527-87a8-a2ec50ff58d2', 'e7aa81d9-82f2-41b3-b2b9-935336f5d2cf', 'moto'::public.contract_type, 'actif'::public.contract_status, '2023-09-07'::date, '2024-09-06'::date, 207, 80, 'medium', 'mensuel', '{"year": "2016", "brand": "Renault", "model": "Clio", "cylindree": "200", "puissance": null, "kilometrage": 54000}'::jsonb, NULL, '2023-08-31 10:24:00+03'::timestamp with time zone),
('e4375879-1938-4c3c-91cf-9a1645a5f9a6', 'POL-AUTO-2023-029', 'ebec3b86-2e49-41bf-9ce5-a79ba07a7064', '5dd1822b-c0a7-4521-af79-419af9b919ad', 'auto'::public.contract_type, 'en_attente'::public.contract_status, '2023-10-08'::date, '2024-10-07'::date, 581, 250, 'standard', 'trimestriel', '{"year": "2017", "brand": "Honda", "model": "Activa", "cylindree": "1000", "puissance": 5, "kilometrage": 54000}'::jsonb, NULL, '2023-10-01 10:27:00+03'::timestamp with time zone),
('fe172a34-c660-42d9-8094-e338ef3bcf83', 'POL-HAB-2023-030', '9d414c00-89aa-47b9-84b2-ac40b5237d7d', '3397b6ed-a2c0-49fe-898f-6dc1bbe29a35', 'habitation'::public.contract_type, 'actif'::public.contract_status, '2023-11-08'::date, '2025-11-07'::date, 450, 400, 'premium', 'semestriel', NULL, '{"address": "Mahajanga", "type": "appartement", "rooms": 3, "surface_m2": 60}'::jsonb, '2023-11-01 10:30:00+03'::timestamp with time zone);

-- Feedbacks

INSERT INTO public.feedbacks (id, client_id, subject, message, rating, category, source, status, is_responded, public_quote, created_at) VALUES

('b9799d56-d48a-4fa6-ab49-bfd57eaf439b', '65bc8449-3af5-422d-9ac5-0a37a57173a8', 'Application mobile pratique', 'Retour client #1: parcours fluide, documents clairs, mais amélioration possible sur le délai de réponse au guichet.', 4, 'ui', 'email', 'urgent'::public.feedback_status, FALSE, TRUE, '2021-08-21 14:01:00+03'::timestamp with time zone),
('eb04aa68-d8eb-4d42-b235-50f5f2818d5b', 'b50665bf-304d-4fc0-957f-0db57c3eee88', 'Clarté du contrat', 'Retour client #2: parcours fluide, documents clairs, mais amélioration possible sur le délai de réponse au guichet.', 3, 'general', 'email', 'traite'::public.feedback_status, TRUE, TRUE, '2021-09-08 14:02:00+03'::timestamp with time zone),
('5b5189b1-fadb-4fff-b040-d5e909877c6c', '589f0ffd-102e-4b4a-bea9-64f8e3142e0c', 'Suivi de sinistre', 'Retour client #3: parcours fluide, documents clairs, mais amélioration possible sur le délai de réponse au guichet.', 4, 'support', 'email', 'en_cours'::public.feedback_status, FALSE, TRUE, '2021-09-26 14:03:00+03'::timestamp with time zone),
('26c42738-04a1-44d4-8915-f4be7eddac0a', 'ef22fa56-6c73-48f6-97b5-dca2b23bdf34', 'Réponse de l’équipe', 'Retour client #4: parcours fluide, documents clairs, mais amélioration possible sur le délai de réponse au guichet.', 4, 'ui', 'mobile', 'nouveau'::public.feedback_status, FALSE, TRUE, '2021-10-14 14:04:00+03'::timestamp with time zone),
('5878d21a-9bd0-42ac-afcf-8eea0631b645', 'f60e91d6-08d5-4e91-8d81-9a9f84fc4e45', 'Tarification correcte', 'Retour client #5: parcours fluide, documents clairs, mais amélioration possible sur le délai de réponse au guichet.', 3, 'billing', 'web', 'nouveau'::public.feedback_status, TRUE, TRUE, '2021-11-01 14:05:00+03'::timestamp with time zone),
('3f207f20-6faf-48ad-9159-c3842867ea29', '891f8ea2-5b0e-48af-80a8-0b19dc1d42ac', 'Renouvellement sans stress', 'Retour client #6: parcours fluide, documents clairs, mais amélioration possible sur le délai de réponse au guichet.', 5, 'ui', 'email', 'en_cours'::public.feedback_status, FALSE, TRUE, '2021-11-19 14:06:00+03'::timestamp with time zone),
('d9bfd2ca-4dbb-480b-bd0a-8b7214820275', '7df4e49c-8849-4397-9f74-9b5bb2e3d646', 'Bonne expérience générale', 'Retour client #7: parcours fluide, documents clairs, mais amélioration possible sur le délai de réponse au guichet.', 4, 'ui', 'web', 'urgent'::public.feedback_status, FALSE, FALSE, '2021-12-07 14:07:00+03'::timestamp with time zone),
('2e5b5cc8-a9c4-4e4d-9713-cf71feabb75d', '7e37bb50-acbd-4fa8-987e-6a8a15052c30', 'Service client rapide', 'Retour client #8: parcours fluide, documents clairs, mais amélioration possible sur le délai de réponse au guichet.', 4, 'ui', 'email', 'en_cours'::public.feedback_status, TRUE, FALSE, '2021-12-25 14:08:00+03'::timestamp with time zone),
('39e08f35-c6c8-4e96-9a0f-11caa7cbf837', '015089ef-592c-4882-b515-55fe1d510183', 'Application mobile pratique', 'Retour client #9: parcours fluide, documents clairs, mais amélioration possible sur le délai de réponse au guichet.', 4, 'general', 'web', 'traite'::public.feedback_status, TRUE, TRUE, '2022-01-12 14:09:00+03'::timestamp with time zone),
('e352f005-3578-43c1-b8cd-84e60a200e7b', 'eedb530a-893f-4b7d-a8dd-89fa116f6df5', 'Clarté du contrat', 'Retour client #10: parcours fluide, documents clairs, mais amélioration possible sur le délai de réponse au guichet.', 5, 'billing', 'mobile', 'nouveau'::public.feedback_status, FALSE, TRUE, '2022-01-30 14:10:00+03'::timestamp with time zone),
('3ba338c4-47c2-42eb-8238-1784c4da7fc9', 'f754e40c-eb6e-40f6-930b-45525d9d5a92', 'Suivi de sinistre', 'Retour client #11: parcours fluide, documents clairs, mais amélioration possible sur le délai de réponse au guichet.', 4, 'general', 'web', 'en_cours'::public.feedback_status, FALSE, TRUE, '2022-02-17 14:11:00+03'::timestamp with time zone),
('7807adca-d565-4547-8991-c62c60f16938', '684052bd-806b-4a08-a5c7-c13e772721e4', 'Réponse de l’équipe', 'Retour client #12: parcours fluide, documents clairs, mais amélioration possible sur le délai de réponse au guichet.', 4, 'billing', 'web', 'nouveau'::public.feedback_status, FALSE, FALSE, '2022-03-07 14:12:00+03'::timestamp with time zone),
('17d99c39-fefc-4307-a6ff-6d41f7513870', '965262fb-57a0-41c8-af9d-20a7dbddcec2', 'Tarification correcte', 'Retour client #13: parcours fluide, documents clairs, mais amélioration possible sur le délai de réponse au guichet.', 4, 'support', 'agence', 'en_cours'::public.feedback_status, FALSE, FALSE, '2022-03-25 14:13:00+03'::timestamp with time zone),
('d773fa9d-e436-4797-b682-47bf7da38488', 'b0312258-5d70-4a73-bd82-8a797bd4fe51', 'Renouvellement sans stress', 'Retour client #14: parcours fluide, documents clairs, mais amélioration possible sur le délai de réponse au guichet.', 4, 'claims', 'email', 'traite'::public.feedback_status, TRUE, TRUE, '2022-04-12 14:14:00+03'::timestamp with time zone),
('7f1ee51a-1f05-4b98-b859-e9a6e2ded169', 'b38a087e-9950-4985-adaf-9f86e1ff9c50', 'Bonne expérience générale', 'Retour client #15: parcours fluide, documents clairs, mais amélioration possible sur le délai de réponse au guichet.', 5, 'billing', 'web', 'nouveau'::public.feedback_status, FALSE, TRUE, '2022-04-30 14:15:00+03'::timestamp with time zone),
('44bf331d-3b2c-4d5f-96f3-f8cda799872e', 'ea3f56ce-2911-4523-a81d-def1a24c3aa9', 'Service client rapide', 'Retour client #16: parcours fluide, documents clairs, mais amélioration possible sur le délai de réponse au guichet.', 4, 'support', 'agence', 'nouveau'::public.feedback_status, TRUE, FALSE, '2022-05-18 14:16:00+03'::timestamp with time zone),
('199cc5a2-cb86-454a-846b-8c9623699990', 'fb64bfda-408c-4255-9fac-e7c9af0bf159', 'Application mobile pratique', 'Retour client #17: parcours fluide, documents clairs, mais amélioration possible sur le délai de réponse au guichet.', 4, 'support', 'email', 'traite'::public.feedback_status, FALSE, TRUE, '2022-06-05 14:17:00+03'::timestamp with time zone),
('f94e60f2-a244-4da2-9531-a695f5c4b009', '089efcce-0002-4ea5-b142-f0d708de6ac0', 'Clarté du contrat', 'Retour client #18: parcours fluide, documents clairs, mais amélioration possible sur le délai de réponse au guichet.', 4, 'general', 'mobile', 'traite'::public.feedback_status, TRUE, TRUE, '2022-06-23 14:18:00+03'::timestamp with time zone),
('8972efd0-3751-432d-b3cd-c832f17f2761', 'd44b88ad-45af-4c12-b285-17fae9ec6546', 'Suivi de sinistre', 'Retour client #19: parcours fluide, documents clairs, mais amélioration possible sur le délai de réponse au guichet.', 4, 'claims', 'agence', 'en_cours'::public.feedback_status, FALSE, FALSE, '2022-07-11 14:19:00+03'::timestamp with time zone),
('c5ab7f8d-216d-4d92-b033-ea2ff65356a4', 'f3b69938-ed8b-416b-a48b-c2110ba9c230', 'Réponse de l’équipe', 'Retour client #20: parcours fluide, documents clairs, mais amélioration possible sur le délai de réponse au guichet.', 4, 'claims', 'email', 'traite'::public.feedback_status, TRUE, TRUE, '2022-07-29 14:20:00+03'::timestamp with time zone),
('2609a05f-743d-446e-9870-d5200e6583c2', '44542583-5581-4fb8-8058-988cbed5d0ef', 'Tarification correcte', 'Retour client #21: parcours fluide, documents clairs, mais amélioration possible sur le délai de réponse au guichet.', 5, 'claims', 'web', 'nouveau'::public.feedback_status, FALSE, TRUE, '2022-08-16 14:21:00+03'::timestamp with time zone),
('e6a2e9e9-6cb2-4113-835b-00697b972c5d', '38a08dbb-4171-4c60-a855-bab3989e1e21', 'Renouvellement sans stress', 'Retour client #22: parcours fluide, documents clairs, mais amélioration possible sur le délai de réponse au guichet.', 4, 'support', 'email', 'urgent'::public.feedback_status, FALSE, TRUE, '2022-09-03 14:22:00+03'::timestamp with time zone),
('74d327dc-2afa-467a-bb12-840bdc2858f2', '5170f0b7-526f-46fa-babb-831203a78689', 'Bonne expérience générale', 'Retour client #23: parcours fluide, documents clairs, mais amélioration possible sur le délai de réponse au guichet.', 3, 'general', 'mobile', 'nouveau'::public.feedback_status, FALSE, TRUE, '2022-09-21 14:23:00+03'::timestamp with time zone),
('de2c8adf-32dd-46bb-afc8-198c22dc797c', '93bae585-7c5d-4bcf-a584-78f86234cb2e', 'Service client rapide', 'Retour client #24: parcours fluide, documents clairs, mais amélioration possible sur le délai de réponse au guichet.', 5, 'support', 'web', 'traite'::public.feedback_status, FALSE, TRUE, '2022-10-09 14:24:00+03'::timestamp with time zone),
('d97204b6-c950-4caf-add7-3a5d4d8f5410', 'e39f0b44-af54-4afb-8403-81b0c08f4ca5', 'Application mobile pratique', 'Retour client #25: parcours fluide, documents clairs, mais amélioration possible sur le délai de réponse au guichet.', 4, 'support', 'mobile', 'nouveau'::public.feedback_status, FALSE, FALSE, '2022-10-27 14:25:00+03'::timestamp with time zone),
('af0a2afe-0e68-48b4-901a-96b60532cf73', 'b36f3abb-121b-47be-9919-aa2286c6fc1b', 'Clarté du contrat', 'Retour client #26: parcours fluide, documents clairs, mais amélioration possible sur le délai de réponse au guichet.', 4, 'support', 'mobile', 'en_cours'::public.feedback_status, FALSE, TRUE, '2022-11-14 14:26:00+03'::timestamp with time zone),
('900bef9b-fa7b-49b8-b8ad-1f7d57d2f2c9', 'd9dd2fff-b556-49c3-b9ec-bb66049425ec', 'Suivi de sinistre', 'Retour client #27: parcours fluide, documents clairs, mais amélioration possible sur le délai de réponse au guichet.', 4, 'claims', 'email', 'en_cours'::public.feedback_status, FALSE, TRUE, '2022-12-02 14:27:00+03'::timestamp with time zone),
('e4560c60-edc6-4bc9-9f66-1cf714b2e094', 'e39faf74-b154-4527-87a8-a2ec50ff58d2', 'Réponse de l’équipe', 'Retour client #28: parcours fluide, documents clairs, mais amélioration possible sur le délai de réponse au guichet.', 3, 'ui', 'web', 'urgent'::public.feedback_status, TRUE, TRUE, '2022-12-20 14:28:00+03'::timestamp with time zone),
('f454bdb0-6978-4ca7-9f8f-ed7db14c714d', 'ebec3b86-2e49-41bf-9ce5-a79ba07a7064', 'Tarification correcte', 'Retour client #29: parcours fluide, documents clairs, mais amélioration possible sur le délai de réponse au guichet.', 5, 'claims', 'agence', 'en_cours'::public.feedback_status, TRUE, TRUE, '2023-01-07 14:29:00+03'::timestamp with time zone),
('b8f05afa-66a6-4f4a-966a-e33ae4555fdb', '9d414c00-89aa-47b9-84b2-ac40b5237d7d', 'Renouvellement sans stress', 'Retour client #30: parcours fluide, documents clairs, mais amélioration possible sur le délai de réponse au guichet.', 4, 'ui', 'agence', 'traite'::public.feedback_status, TRUE, FALSE, '2023-01-25 14:30:00+03'::timestamp with time zone);

-- Incidents

INSERT INTO public.incidents (id, reference, contract_id, client_id, title, description, date, "time", location, type, severity, status, estimated_cost, assigned_employee_id, created_at, updated_at) VALUES

('83b28e4f-4845-45ac-a17e-b39f5a7d300f', 'INC-2022-700', '43ddda52-09ce-42de-af5f-3d91e36997d3', '65bc8449-3af5-422d-9ac5-0a37a57173a8', 'Accident léger', 'Déclaration #1: circonstances détaillées, témoins, constat, pièces jointes et échanges déjà enregistrés dans l’espace client.', '2022-04-12'::date, '08:00:00'::time, 'Mahajanga', 'auto'::public.contract_type, 'leger'::public.incident_severity, 'en_cours'::public.incident_status, 136692, '1561aeee-2cfc-4111-8642-a7768e6c229c', '2022-04-10 11:00:00+03'::timestamp with time zone, '2022-04-10 12:00:00+03'::timestamp with time zone),
('5da2332f-3de8-438f-b999-de5853b2ef59', 'INC-2022-701', '338275b7-2806-40ff-aa81-a7fbb8bee643', 'b50665bf-304d-4fc0-957f-0db57c3eee88', 'Bris de glace', 'Déclaration #2: circonstances détaillées, témoins, constat, pièces jointes et échanges déjà enregistrés dans l’espace client.', '2022-04-29'::date, '09:07:00'::time, 'Fianarantsoa', 'habitation'::public.contract_type, 'moyen'::public.incident_severity, 'traite'::public.incident_status, 182570, '931a2a99-5821-44e8-bff1-2ddd50e47484', '2022-04-27 11:05:00+03'::timestamp with time zone, '2022-04-27 12:07:00+03'::timestamp with time zone),
('5f38ff35-31d0-458a-99de-2bcbaad9afa6', 'INC-2022-702', 'c9e049ca-4c93-475b-9f32-8da069be4bf4', '589f0ffd-102e-4b4a-bea9-64f8e3142e0c', 'Vol de moto', 'Déclaration #3: circonstances détaillées, témoins, constat, pièces jointes et échanges déjà enregistrés dans l’espace client.', '2022-05-16'::date, '10:14:00'::time, 'Mahajanga', 'sante'::public.contract_type, 'eleve'::public.incident_severity, 'en_attente'::public.incident_status, 210904, 'ae9e7451-f9c6-465d-a82b-2951976591d8', '2022-05-14 11:10:00+03'::timestamp with time zone, '2022-05-14 12:14:00+03'::timestamp with time zone),
('ac683a2f-4e78-4f20-a483-755909495ef8', 'INC-2022-703', 'c2df3a80-2a6b-41c2-ae81-e95b89cfd954', 'ef22fa56-6c73-48f6-97b5-dca2b23bdf34', 'Dégât des eaux', 'Déclaration #4: circonstances détaillées, témoins, constat, pièces jointes et échanges déjà enregistrés dans l’espace client.', '2022-06-02'::date, '11:21:00'::time, 'Antananarivo', 'moto'::public.contract_type, 'leger'::public.incident_severity, 'en_cours'::public.incident_status, 263559, '458011fc-2919-410f-aed6-d22497394751', '2022-05-31 11:15:00+03'::timestamp with time zone, '2022-05-31 12:21:00+03'::timestamp with time zone),
('c476afda-0db6-41ce-a759-b933bf141bfc', 'INC-2022-704', 'ca5dcfba-20af-4b7b-a2d3-b1423246a466', 'f60e91d6-08d5-4e91-8d81-9a9f84fc4e45', 'Collision parking', 'Déclaration #5: circonstances détaillées, témoins, constat, pièces jointes et échanges déjà enregistrés dans l’espace client.', '2022-06-19'::date, '12:28:00'::time, 'Toamasina', 'auto'::public.contract_type, 'moyen'::public.incident_severity, 'traite'::public.incident_status, 319024, 'db69162e-4cfa-4417-9442-1346b0e62e6b', '2022-06-17 11:20:00+03'::timestamp with time zone, '2022-06-17 12:28:00+03'::timestamp with time zone),
('ff3968cb-ad4a-4d65-a3ee-6cd03b266bf1', 'INC-2022-705', '701cec7b-1eff-4f85-8d8e-189b289f8c41', '891f8ea2-5b0e-48af-80a8-0b19dc1d42ac', 'Pneu crevé', 'Déclaration #6: circonstances détaillées, témoins, constat, pièces jointes et échanges déjà enregistrés dans l’espace client.', '2022-07-06'::date, '13:35:00'::time, 'Mahajanga', 'habitation'::public.contract_type, 'eleve'::public.incident_severity, 'en_attente'::public.incident_status, 346253, 'f45eefa1-f9bd-4410-8076-b5cb14295e64', '2022-07-04 11:25:00+03'::timestamp with time zone, '2022-07-04 12:35:00+03'::timestamp with time zone),
('5f850ca0-9654-4aa8-a451-ef92f1fb0b28', 'INC-2022-706', 'd75da895-43ae-436e-bd50-afdd6b2beba1', '7df4e49c-8849-4397-9f74-9b5bb2e3d646', 'Incendie partiel', 'Déclaration #7: circonstances détaillées, témoins, constat, pièces jointes et échanges déjà enregistrés dans l’espace client.', '2022-07-23'::date, '14:42:00'::time, 'Antananarivo', 'sante'::public.contract_type, 'leger'::public.incident_severity, 'en_cours'::public.incident_status, 409548, '1b0f645e-8742-4b39-8817-95c7964a0944', '2022-07-21 11:30:00+03'::timestamp with time zone, '2022-07-21 12:42:00+03'::timestamp with time zone),
('e78c0880-b18c-4c7d-ab1e-aa87fca9f28a', 'INC-2022-707', '65c90216-d4cc-4e44-b91d-ce6664dc6370', '7e37bb50-acbd-4fa8-987e-6a8a15052c30', 'Hospitalisation', 'Déclaration #8: circonstances détaillées, témoins, constat, pièces jointes et échanges déjà enregistrés dans l’espace client.', '2022-08-09'::date, '15:49:00'::time, 'Fianarantsoa', 'moto'::public.contract_type, 'moyen'::public.incident_severity, 'traite'::public.incident_status, 446327, '0d047cae-8fc6-4b0c-94cb-6ba65112bd71', '2022-08-07 11:35:00+03'::timestamp with time zone, '2022-08-07 12:49:00+03'::timestamp with time zone),
('53cb84c2-39ae-44d4-9fe6-8c897efdf643', 'INC-2022-708', '4bb40574-b30e-4bb4-905c-481de228fdf2', '015089ef-592c-4882-b515-55fe1d510183', 'Chute d’objet', 'Déclaration #9: circonstances détaillées, témoins, constat, pièces jointes et échanges déjà enregistrés dans l’espace client.', '2022-08-26'::date, '16:56:00'::time, 'Antsirabe', 'auto'::public.contract_type, 'eleve'::public.incident_severity, 'en_attente'::public.incident_status, 490278, 'f4481109-f847-4dc7-9ec6-5cc20d1b4964', '2022-08-24 11:40:00+03'::timestamp with time zone, '2022-08-24 12:56:00+03'::timestamp with time zone),
('f537a4ba-a48c-41c1-a989-0e383aed1364', 'INC-2022-709', '3fa74a85-d707-435a-a24a-c9550883d40d', 'eedb530a-893f-4b7d-a8dd-89fa116f6df5', 'Rayure carrosserie', 'Déclaration #10: circonstances détaillées, témoins, constat, pièces jointes et échanges déjà enregistrés dans l’espace client.', '2022-09-12'::date, '17:03:00'::time, 'Fianarantsoa', 'habitation'::public.contract_type, 'leger'::public.incident_severity, 'en_cours'::public.incident_status, 544864, '74cb1576-7cd3-4f1e-a0f8-d565dd00291c', '2022-09-10 11:45:00+03'::timestamp with time zone, '2022-09-10 12:03:00+03'::timestamp with time zone),
('7a49b26a-7ef6-4d42-9246-9e3ba2045785', 'INC-2022-710', '1d732169-9428-469e-a893-792f9394b173', 'f754e40c-eb6e-40f6-930b-45525d9d5a92', 'Accident léger', 'Déclaration #11: circonstances détaillées, témoins, constat, pièces jointes et échanges déjà enregistrés dans l’espace client.', '2022-09-29'::date, '08:10:00'::time, 'Toliara', 'sante'::public.contract_type, 'moyen'::public.incident_severity, 'traite'::public.incident_status, 573789, '1561aeee-2cfc-4111-8642-a7768e6c229c', '2022-09-27 11:50:00+03'::timestamp with time zone, '2022-09-27 12:10:00+03'::timestamp with time zone),
('6ef19ac9-419c-4b23-be69-a8ca68349246', 'INC-2022-711', 'bd96b93b-cb8d-4f67-bc6c-82c5feb53026', '684052bd-806b-4a08-a5c7-c13e772721e4', 'Bris de glace', 'Déclaration #12: circonstances détaillées, témoins, constat, pièces jointes et échanges déjà enregistrés dans l’espace client.', '2022-10-16'::date, '09:17:00'::time, 'Fianarantsoa', 'moto'::public.contract_type, 'eleve'::public.incident_severity, 'en_attente'::public.incident_status, 633893, '931a2a99-5821-44e8-bff1-2ddd50e47484', '2022-10-14 11:55:00+03'::timestamp with time zone, '2022-10-14 12:17:00+03'::timestamp with time zone),
('ad022d27-f132-4766-88e4-d7730b0d9bb5', 'INC-2022-712', '57efd52e-4d7d-44ec-84f2-8e9dba06c958', '965262fb-57a0-41c8-af9d-20a7dbddcec2', 'Vol de moto', 'Déclaration #13: circonstances détaillées, témoins, constat, pièces jointes et échanges déjà enregistrés dans l’espace client.', '2022-11-02'::date, '10:24:00'::time, 'Toamasina', 'auto'::public.contract_type, 'leger'::public.incident_severity, 'en_cours'::public.incident_status, 668346, 'ae9e7451-f9c6-465d-a82b-2951976591d8', '2022-10-31 11:00:00+03'::timestamp with time zone, '2022-10-31 12:24:00+03'::timestamp with time zone),
('7600e6a3-4f81-41cc-992c-b526c7ab8259', 'INC-2022-713', '3ff51e2f-9099-4032-8c6f-e11bbf88dd65', 'b0312258-5d70-4a73-bd82-8a797bd4fe51', 'Dégât des eaux', 'Déclaration #14: circonstances détaillées, témoins, constat, pièces jointes et échanges déjà enregistrés dans l’espace client.', '2022-11-19'::date, '11:31:00'::time, 'Antananarivo', 'habitation'::public.contract_type, 'moyen'::public.incident_severity, 'traite'::public.incident_status, 719288, '458011fc-2919-410f-aed6-d22497394751', '2022-11-17 11:05:00+03'::timestamp with time zone, '2022-11-17 12:31:00+03'::timestamp with time zone),
('3cf699c8-1a20-403b-890f-285a56a4c120', 'INC-2022-714', 'aac76ccb-ae74-42ac-aeeb-a33d3797d107', 'b38a087e-9950-4985-adaf-9f86e1ff9c50', 'Collision parking', 'Déclaration #15: circonstances détaillées, témoins, constat, pièces jointes et échanges déjà enregistrés dans l’espace client.', '2022-12-06'::date, '12:38:00'::time, 'Antananarivo', 'sante'::public.contract_type, 'eleve'::public.incident_severity, 'en_attente'::public.incident_status, 767036, 'db69162e-4cfa-4417-9442-1346b0e62e6b', '2022-12-04 11:10:00+03'::timestamp with time zone, '2022-12-04 12:38:00+03'::timestamp with time zone),
('fbaad757-bd91-4e17-9969-688863eeef8c', 'INC-2022-715', '93227b80-4b20-4367-aa99-bb28561664f0', 'ea3f56ce-2911-4523-a81d-def1a24c3aa9', 'Pneu crevé', 'Déclaration #16: circonstances détaillées, témoins, constat, pièces jointes et échanges déjà enregistrés dans l’espace client.', '2022-12-23'::date, '13:45:00'::time, 'Toliara', 'moto'::public.contract_type, 'leger'::public.incident_severity, 'en_cours'::public.incident_status, 801456, 'f45eefa1-f9bd-4410-8076-b5cb14295e64', '2022-12-21 11:15:00+03'::timestamp with time zone, '2022-12-21 12:45:00+03'::timestamp with time zone),
('fd84a074-7758-49eb-9e0c-a927fee912fe', 'INC-2023-716', '824672ae-f04d-4fbd-b559-effd1b77baf5', 'fb64bfda-408c-4255-9fac-e7c9af0bf159', 'Incendie partiel', 'Déclaration #17: circonstances détaillées, témoins, constat, pièces jointes et échanges déjà enregistrés dans l’espace client.', '2023-01-09'::date, '14:52:00'::time, 'Mahajanga', 'auto'::public.contract_type, 'moyen'::public.incident_severity, 'traite'::public.incident_status, 854132, '1b0f645e-8742-4b39-8817-95c7964a0944', '2023-01-07 11:20:00+03'::timestamp with time zone, '2023-01-07 12:52:00+03'::timestamp with time zone),
('b0c80fed-4f57-45ac-875f-9c7851874abe', 'INC-2023-717', '55c3ee37-789d-49d2-a463-b913a16fb231', '089efcce-0002-4ea5-b142-f0d708de6ac0', 'Hospitalisation', 'Déclaration #18: circonstances détaillées, témoins, constat, pièces jointes et échanges déjà enregistrés dans l’espace client.', '2023-01-26'::date, '15:59:00'::time, 'Antananarivo', 'habitation'::public.contract_type, 'eleve'::public.incident_severity, 'en_attente'::public.incident_status, 895819, '0d047cae-8fc6-4b0c-94cb-6ba65112bd71', '2023-01-24 11:25:00+03'::timestamp with time zone, '2023-01-24 12:59:00+03'::timestamp with time zone),
('e2a2496b-5e1d-4b6b-ab90-aaca5a560a1f', 'INC-2023-718', 'b58c188a-e750-442e-8829-feca55afc43d', 'd44b88ad-45af-4c12-b285-17fae9ec6546', 'Chute d’objet', 'Déclaration #19: circonstances détaillées, témoins, constat, pièces jointes et échanges déjà enregistrés dans l’espace client.', '2023-02-12'::date, '16:06:00'::time, 'Toliara', 'sante'::public.contract_type, 'leger'::public.incident_severity, 'en_cours'::public.incident_status, 940286, 'f4481109-f847-4dc7-9ec6-5cc20d1b4964', '2023-02-10 11:30:00+03'::timestamp with time zone, '2023-02-10 12:06:00+03'::timestamp with time zone),
('0e2f8982-23ab-45a4-b3d6-3743d8a6933d', 'INC-2023-719', 'ab30bdbc-56bc-4619-91e4-5239087f3d66', 'f3b69938-ed8b-416b-a48b-c2110ba9c230', 'Rayure carrosserie', 'Déclaration #20: circonstances détaillées, témoins, constat, pièces jointes et échanges déjà enregistrés dans l’espace client.', '2023-03-01'::date, '17:13:00'::time, 'Antsirabe', 'moto'::public.contract_type, 'moyen'::public.incident_severity, 'traite'::public.incident_status, 979083, '74cb1576-7cd3-4f1e-a0f8-d565dd00291c', '2023-02-27 11:35:00+03'::timestamp with time zone, '2023-02-27 12:13:00+03'::timestamp with time zone);

-- Content

INSERT INTO public.content (id, type, title, excerpt, content, author_id, category, image_url, status, event_date, location, read_time, views_count, created_at, updated_at) VALUES

('2d466dd8-5722-43a1-8087-488943111147', 'blog', 'Comment bien choisir son assurance auto', 'Article pratique #1 sur comment bien choisir son assurance auto.', 'Article détaillé et evergreen sur comment bien choisir son assurance auto, rédigé pour des clients qui veulent avancer sans perdre leur temps à relire le même jargon financier.', '1561aeee-2cfc-4111-8642-a7768e6c229c', 'Santé', 'https://images.unsplash.com/photo-14960001?w=1200', 'publie'::public.content_status, NULL, NULL, '5 min', 1310, '2021-07-06 13:04:00+03'::timestamp with time zone, '2021-07-06 13:04:00+03'::timestamp with time zone),
('c7efd402-1389-459c-8e17-f62973cf4d2b', 'blog', 'Les réflexes à avoir après un sinistre', 'Article pratique #2 sur les réflexes à avoir après un sinistre.', 'Article détaillé et evergreen sur les réflexes à avoir après un sinistre, rédigé pour des clients qui veulent avancer sans perdre leur temps à relire le même jargon financier.', '931a2a99-5821-44e8-bff1-2ddd50e47484', 'Habitation', 'https://images.unsplash.com/photo-14960002?w=1200', 'publie'::public.content_status, NULL, NULL, '6 min', 1346, '2021-07-28 13:08:00+03'::timestamp with time zone, '2021-07-28 13:08:00+03'::timestamp with time zone),
('3439d60c-8534-4508-9b77-266a0720d8a7', 'blog', 'Comprendre la franchise en 3 minutes', 'Article pratique #3 sur comprendre la franchise en 3 minutes.', 'Article détaillé et evergreen sur comprendre la franchise en 3 minutes, rédigé pour des clients qui veulent avancer sans perdre leur temps à relire le même jargon financier.', 'ae9e7451-f9c6-465d-a82b-2951976591d8', 'Santé', 'https://images.unsplash.com/photo-14960003?w=1200', 'publie'::public.content_status, NULL, NULL, '7 min', 1752, '2021-08-19 13:12:00+03'::timestamp with time zone, '2021-08-19 13:12:00+03'::timestamp with time zone),
('1d5a3c2e-1c8c-4d65-9264-ffbe7a6eb984', 'blog', 'Assurance habitation: les erreurs fréquentes', 'Article pratique #4 sur assurance habitation: les erreurs fréquentes.', 'Article détaillé et evergreen sur assurance habitation: les erreurs fréquentes, rédigé pour des clients qui veulent avancer sans perdre leur temps à relire le même jargon financier.', '458011fc-2919-410f-aed6-d22497394751', 'Sinistres', 'https://images.unsplash.com/photo-14960004?w=1200', 'publie'::public.content_status, NULL, NULL, '8 min', 1728, '2021-09-10 13:16:00+03'::timestamp with time zone, '2021-09-10 13:16:00+03'::timestamp with time zone),
('9a79f417-49e2-4f02-ae60-c46d658c193b', 'blog', 'Pourquoi déclarer vite un incident change tout', 'Article pratique #5 sur pourquoi déclarer vite un incident change tout.', 'Article détaillé et evergreen sur pourquoi déclarer vite un incident change tout, rédigé pour des clients qui veulent avancer sans perdre leur temps à relire le même jargon financier.', 'db69162e-4cfa-4417-9442-1346b0e62e6b', 'Santé', 'https://images.unsplash.com/photo-14960005?w=1200', 'publie'::public.content_status, NULL, NULL, '9 min', 1291, '2021-10-02 13:20:00+03'::timestamp with time zone, '2021-10-02 13:20:00+03'::timestamp with time zone),
('2f7a3e5d-f900-4c63-8274-05f608d00b5d', 'blog', 'Réduire sa prime sans perdre en couverture', 'Article pratique #6 sur réduire sa prime sans perdre en couverture.', 'Article détaillé et evergreen sur réduire sa prime sans perdre en couverture, rédigé pour des clients qui veulent avancer sans perdre leur temps à relire le même jargon financier.', 'f45eefa1-f9bd-4410-8076-b5cb14295e64', 'Habitation', 'https://images.unsplash.com/photo-14960006?w=1200', 'publie'::public.content_status, NULL, NULL, '4 min', 601, '2021-10-24 13:24:00+03'::timestamp with time zone, '2021-10-24 13:24:00+03'::timestamp with time zone),
('47b64ae8-8ee4-4530-843e-f7d43a3c452a', 'blog', 'Que faire avant de renouveler son contrat', 'Article pratique #7 sur que faire avant de renouveler son contrat.', 'Article détaillé et evergreen sur que faire avant de renouveler son contrat, rédigé pour des clients qui veulent avancer sans perdre leur temps à relire le même jargon financier.', '1b0f645e-8742-4b39-8817-95c7964a0944', 'Prévention', 'https://images.unsplash.com/photo-14960007?w=1200', 'publie'::public.content_status, NULL, NULL, '5 min', 1802, '2021-11-15 13:28:00+03'::timestamp with time zone, '2021-11-15 13:28:00+03'::timestamp with time zone),
('5778a908-d6a5-42ae-9a37-1c660f3db461', 'blog', 'Checklist documents pour un dossier complet', 'Article pratique #8 sur checklist documents pour un dossier complet.', 'Article détaillé et evergreen sur checklist documents pour un dossier complet, rédigé pour des clients qui veulent avancer sans perdre leur temps à relire le même jargon financier.', '0d047cae-8fc6-4b0c-94cb-6ba65112bd71', 'Santé', 'https://images.unsplash.com/photo-14960008?w=1200', 'publie'::public.content_status, NULL, NULL, '6 min', 1632, '2021-12-07 13:32:00+03'::timestamp with time zone, '2021-12-07 13:32:00+03'::timestamp with time zone),
('e87a777c-f82b-46c7-a451-06de41517570', 'blog', 'L’espace client expliqué simplement', 'Article pratique #9 sur l’espace client expliqué simplement.', 'Article détaillé et evergreen sur l’espace client expliqué simplement, rédigé pour des clients qui veulent avancer sans perdre leur temps à relire le même jargon financier.', 'f4481109-f847-4dc7-9ec6-5cc20d1b4964', 'Santé', 'https://images.unsplash.com/photo-14960009?w=1200', 'publie'::public.content_status, NULL, NULL, '7 min', 792, '2021-12-29 13:36:00+03'::timestamp with time zone, '2021-12-29 13:36:00+03'::timestamp with time zone),
('1e64120c-4ade-4145-9d88-28a5d23a2230', 'blog', 'Les garanties utiles pour une moto', 'Article pratique #10 sur les garanties utiles pour une moto.', 'Article détaillé et evergreen sur les garanties utiles pour une moto, rédigé pour des clients qui veulent avancer sans perdre leur temps à relire le même jargon financier.', '74cb1576-7cd3-4f1e-a0f8-d565dd00291c', 'Habitation', 'https://images.unsplash.com/photo-14960010?w=1200', 'publie'::public.content_status, NULL, NULL, '8 min', 1312, '2022-01-20 13:40:00+03'::timestamp with time zone, '2022-01-20 13:40:00+03'::timestamp with time zone),
('a6bcb142-5952-40ad-abf1-578aed9193cf', 'blog', 'Santé: éviter les mauvaises surprises', 'Article pratique #11 sur santé: éviter les mauvaises surprises.', 'Article détaillé et evergreen sur santé: éviter les mauvaises surprises, rédigé pour des clients qui veulent avancer sans perdre leur temps à relire le même jargon financier.', '1561aeee-2cfc-4111-8642-a7768e6c229c', 'Auto', 'https://images.unsplash.com/photo-14960011?w=1200', 'publie'::public.content_status, NULL, NULL, '9 min', 2324, '2022-02-11 13:44:00+03'::timestamp with time zone, '2022-02-11 13:44:00+03'::timestamp with time zone),
('15a8bf72-ddd0-4f6d-a203-9d7668b2a77b', 'blog', 'Quand contacter un conseiller plutôt que le support', 'Article pratique #12 sur quand contacter un conseiller plutôt que le support.', 'Article détaillé et evergreen sur quand contacter un conseiller plutôt que le support, rédigé pour des clients qui veulent avancer sans perdre leur temps à relire le même jargon financier.', '931a2a99-5821-44e8-bff1-2ddd50e47484', 'Conseils', 'https://images.unsplash.com/photo-14960012?w=1200', 'publie'::public.content_status, NULL, NULL, '4 min', 1324, '2022-03-05 13:48:00+03'::timestamp with time zone, '2022-03-05 13:48:00+03'::timestamp with time zone);

-- Events

INSERT INTO public.events (id, title, excerpt, content, author_id, category, image_url, status, event_date, location, read_time, created_at, updated_at, "time", organizer, attendees, external_url) VALUES

(5, 'Webinaire: Optimiser votre couverture', 'Événement #5 pour maintenir la relation client.', 'Programme complet de webinaire: optimiser votre couverture avec inscriptions, supports, replay et réponse aux questions les plus agaçantes mais inévitables.', NULL, 'Webinaire', 'https://images.unsplash.com/photo-1529333166437-7750a6dd5a70?w=1200&seed=5', 'publie', '2023-02-02'::date, 'Antananarivo - Salle 2', '3 min', '2023-02-04 10:15:00'::timestamp without time zone, '2023-02-04 10:15:00'::timestamp without time zone, '14:25', 'Service relation client', 221, 'https://events.example.com/5'),
(6, 'Atelier: Déclarer un sinistre pas à pas', 'Événement #6 pour maintenir la relation client.', 'Programme complet de atelier: déclarer un sinistre pas à pas avec inscriptions, supports, replay et réponse aux questions les plus agaçantes mais inévitables.', NULL, 'Atelier', 'https://images.unsplash.com/photo-1529333166437-7750a6dd5a70?w=1200&seed=6', 'publie', '2023-02-13'::date, 'Toamasina - Agence centrale', '1 min', '2023-02-14 10:18:00'::timestamp without time zone, '2023-02-14 10:18:00'::timestamp without time zone, '15:30', 'Service relation client', 133, 'https://events.example.com/6'),
(7, 'Journée portes ouvertes à Antananarivo', 'Événement #7 pour maintenir la relation client.', 'Programme complet de journée portes ouvertes à antananarivo avec inscriptions, supports, replay et réponse aux questions les plus agaçantes mais inévitables.', NULL, 'Webinaire', 'https://images.unsplash.com/photo-1529333166437-7750a6dd5a70?w=1200&seed=7', 'publie', '2023-02-24'::date, 'Antananarivo - Salle 2', '2 min', '2023-02-24 10:21:00'::timestamp without time zone, '2023-02-24 10:21:00'::timestamp without time zone, '16:35', 'Service relation client', 223, 'https://events.example.com/7'),
(8, 'Session questions-réponses avec un conseiller', 'Événement #8 pour maintenir la relation client.', 'Programme complet de session questions-réponses avec un conseiller avec inscriptions, supports, replay et réponse aux questions les plus agaçantes mais inévitables.', NULL, 'Atelier', 'https://images.unsplash.com/photo-1529333166437-7750a6dd5a70?w=1200&seed=8', 'publie', '2023-03-07'::date, 'Antananarivo - Salle 2', '3 min', '2023-03-06 10:24:00'::timestamp without time zone, '2023-03-06 10:24:00'::timestamp without time zone, '09:40', 'MAMA', 92, 'https://events.example.com/8'),
(9, 'Webinaire: Comprendre le renouvellement', 'Événement #9 pour maintenir la relation client.', 'Programme complet de webinaire: comprendre le renouvellement avec inscriptions, supports, replay et réponse aux questions les plus agaçantes mais inévitables.', NULL, 'Atelier', 'https://images.unsplash.com/photo-1529333166437-7750a6dd5a70?w=1200&seed=9', 'publie', '2023-03-18'::date, 'Toamasina - Agence centrale', '1 min', '2023-03-16 10:27:00'::timestamp without time zone, '2023-03-16 10:27:00'::timestamp without time zone, '10:45', 'MAMA', 229, 'https://events.example.com/9'),
(10, 'Atelier: Préparer les pièces justificatives', 'Événement #10 pour maintenir la relation client.', 'Programme complet de atelier: préparer les pièces justificatives avec inscriptions, supports, replay et réponse aux questions les plus agaçantes mais inévitables.', NULL, 'Evenements', 'https://images.unsplash.com/photo-1529333166437-7750a6dd5a70?w=1200&seed=10', 'publie', '2023-03-24'::date, 'Toamasina - Agence centrale', '2 min', '2023-03-26 10:30:00'::timestamp without time zone, '2023-03-26 10:30:00'::timestamp without time zone, '11:50', 'Direction commerciale', 226, 'https://events.example.com/10'),
(11, 'Rencontre client entreprise', 'Événement #11 pour maintenir la relation client.', 'Programme complet de rencontre client entreprise avec inscriptions, supports, replay et réponse aux questions les plus agaçantes mais inévitables.', NULL, 'Evenements', 'https://images.unsplash.com/photo-1529333166437-7750a6dd5a70?w=1200&seed=11', 'publie', '2023-04-04'::date, 'Antananarivo - Salle 2', '3 min', '2023-04-05 10:33:00'::timestamp without time zone, '2023-04-05 10:33:00'::timestamp without time zone, '12:55', 'MAMA', 31, 'https://events.example.com/11'),
(12, 'Webinaire: Assurance moto en ville', 'Événement #12 pour maintenir la relation client.', 'Programme complet de webinaire: assurance moto en ville avec inscriptions, supports, replay et réponse aux questions les plus agaçantes mais inévitables.', NULL, 'Evenements', 'https://images.unsplash.com/photo-1529333166437-7750a6dd5a70?w=1200&seed=12', 'publie', '2023-04-15'::date, 'Mahajanga - Hôtel Riviera', '1 min', '2023-04-15 10:36:00'::timestamp without time zone, '2023-04-15 10:36:00'::timestamp without time zone, '13:00', 'MAMA', 136, 'https://events.example.com/12'),
(13, 'Atelier: Prévention des risques habitation', 'Événement #13 pour maintenir la relation client.', 'Programme complet de atelier: prévention des risques habitation avec inscriptions, supports, replay et réponse aux questions les plus agaçantes mais inévitables.', NULL, 'Webinaire', 'https://images.unsplash.com/photo-1529333166437-7750a6dd5a70?w=1200&seed=13', 'publie', '2023-04-26'::date, 'Antananarivo - Salle 2', '2 min', '2023-04-25 10:39:00'::timestamp without time zone, '2023-04-25 10:39:00'::timestamp without time zone, '14:05', 'Service relation client', 146, 'https://events.example.com/13'),
(14, 'Salon régional des assurés', 'Événement #14 pour maintenir la relation client.', 'Programme complet de salon régional des assurés avec inscriptions, supports, replay et réponse aux questions les plus agaçantes mais inévitables.', NULL, 'Webinaire', 'https://images.unsplash.com/photo-1529333166437-7750a6dd5a70?w=1200&seed=14', 'publie', '2023-05-07'::date, 'Antananarivo - Salle 2', '3 min', '2023-05-05 10:42:00'::timestamp without time zone, '2023-05-05 10:42:00'::timestamp without time zone, '15:10', 'Direction commerciale', 187, 'https://events.example.com/14');

SELECT setval('public.events_id_seq', 14, true);

-- Conversations

INSERT INTO public.conversations (id, participant_one, participant_two, type, created_at, updated_at) VALUES

('ca42fc12-ca0d-4a09-a598-1af96032cbdd', '65bc8449-3af5-422d-9ac5-0a37a57173a8', '1561aeee-2cfc-4111-8642-a7768e6c229c', 'client', '2022-06-19 15:00:00+03'::timestamp with time zone, '2022-06-19 16:00:00+03'::timestamp with time zone),
('9d341bd3-b85e-4779-8841-0e89cb6119ff', 'ef22fa56-6c73-48f6-97b5-dca2b23bdf34', '931a2a99-5821-44e8-bff1-2ddd50e47484', 'client', '2022-07-08 15:04:00+03'::timestamp with time zone, '2022-07-08 16:05:00+03'::timestamp with time zone),
('ed60194e-a4a0-459b-8938-ea7261d4bf41', '7df4e49c-8849-4397-9f74-9b5bb2e3d646', 'ae9e7451-f9c6-465d-a82b-2951976591d8', 'client', '2022-07-27 15:08:00+03'::timestamp with time zone, '2022-07-27 16:10:00+03'::timestamp with time zone),
('b886fc40-4668-4c1d-88c9-7cfda8e2fd1c', 'eedb530a-893f-4b7d-a8dd-89fa116f6df5', '458011fc-2919-410f-aed6-d22497394751', 'client', '2022-08-15 15:12:00+03'::timestamp with time zone, '2022-08-15 16:15:00+03'::timestamp with time zone),
('4d9efda2-063a-4f59-b42c-34c8167144d6', '965262fb-57a0-41c8-af9d-20a7dbddcec2', 'db69162e-4cfa-4417-9442-1346b0e62e6b', 'client', '2022-09-03 15:16:00+03'::timestamp with time zone, '2022-09-03 16:20:00+03'::timestamp with time zone),
('28f7295c-9f5f-441f-8715-ee2fcbf8c18e', 'ea3f56ce-2911-4523-a81d-def1a24c3aa9', 'f45eefa1-f9bd-4410-8076-b5cb14295e64', 'client', '2022-09-22 15:20:00+03'::timestamp with time zone, '2022-09-22 16:25:00+03'::timestamp with time zone),
('59812753-e3c5-49fe-beca-d8a79e5b4392', 'd44b88ad-45af-4c12-b285-17fae9ec6546', '1b0f645e-8742-4b39-8817-95c7964a0944', 'client', '2022-10-11 15:24:00+03'::timestamp with time zone, '2022-10-11 16:30:00+03'::timestamp with time zone),
('abfc51fe-7194-476f-a690-125d581e88d2', '38a08dbb-4171-4c60-a855-bab3989e1e21', '0d047cae-8fc6-4b0c-94cb-6ba65112bd71', 'client', '2022-10-30 15:28:00+03'::timestamp with time zone, '2022-10-30 16:35:00+03'::timestamp with time zone),
('d88bb773-96d2-4fe8-8032-5463f060c467', 'e39f0b44-af54-4afb-8403-81b0c08f4ca5', 'f4481109-f847-4dc7-9ec6-5cc20d1b4964', 'client', '2022-11-18 15:32:00+03'::timestamp with time zone, '2022-11-18 16:40:00+03'::timestamp with time zone),
('ab7d5a02-2eee-4838-8732-0014bcb83165', 'e39faf74-b154-4527-87a8-a2ec50ff58d2', '74cb1576-7cd3-4f1e-a0f8-d565dd00291c', 'client', '2022-12-07 15:36:00+03'::timestamp with time zone, '2022-12-07 16:45:00+03'::timestamp with time zone);

-- AI delegations

INSERT INTO public.message_ai_delegations (conversation_id, client_id, employee_id, enabled, created_at, updated_at) VALUES

('ca42fc12-ca0d-4a09-a598-1af96032cbdd', '65bc8449-3af5-422d-9ac5-0a37a57173a8', '1561aeee-2cfc-4111-8642-a7768e6c229c', TRUE, '2022-06-19 15:00:00+03'::timestamp with time zone, '2022-06-19 16:00:00+03'::timestamp with time zone),
('9d341bd3-b85e-4779-8841-0e89cb6119ff', 'ef22fa56-6c73-48f6-97b5-dca2b23bdf34', '931a2a99-5821-44e8-bff1-2ddd50e47484', TRUE, '2022-07-08 15:04:00+03'::timestamp with time zone, '2022-07-08 16:05:00+03'::timestamp with time zone),
('ed60194e-a4a0-459b-8938-ea7261d4bf41', '7df4e49c-8849-4397-9f74-9b5bb2e3d646', 'ae9e7451-f9c6-465d-a82b-2951976591d8', TRUE, '2022-07-27 15:08:00+03'::timestamp with time zone, '2022-07-27 16:10:00+03'::timestamp with time zone),
('b886fc40-4668-4c1d-88c9-7cfda8e2fd1c', 'eedb530a-893f-4b7d-a8dd-89fa116f6df5', '458011fc-2919-410f-aed6-d22497394751', TRUE, '2022-08-15 15:12:00+03'::timestamp with time zone, '2022-08-15 16:15:00+03'::timestamp with time zone),
('4d9efda2-063a-4f59-b42c-34c8167144d6', '965262fb-57a0-41c8-af9d-20a7dbddcec2', 'db69162e-4cfa-4417-9442-1346b0e62e6b', TRUE, '2022-09-03 15:16:00+03'::timestamp with time zone, '2022-09-03 16:20:00+03'::timestamp with time zone),
('28f7295c-9f5f-441f-8715-ee2fcbf8c18e', 'ea3f56ce-2911-4523-a81d-def1a24c3aa9', 'f45eefa1-f9bd-4410-8076-b5cb14295e64', TRUE, '2022-09-22 15:20:00+03'::timestamp with time zone, '2022-09-22 16:25:00+03'::timestamp with time zone),
('59812753-e3c5-49fe-beca-d8a79e5b4392', 'd44b88ad-45af-4c12-b285-17fae9ec6546', '1b0f645e-8742-4b39-8817-95c7964a0944', TRUE, '2022-10-11 15:24:00+03'::timestamp with time zone, '2022-10-11 16:30:00+03'::timestamp with time zone),
('abfc51fe-7194-476f-a690-125d581e88d2', '38a08dbb-4171-4c60-a855-bab3989e1e21', '0d047cae-8fc6-4b0c-94cb-6ba65112bd71', TRUE, '2022-10-30 15:28:00+03'::timestamp with time zone, '2022-10-30 16:35:00+03'::timestamp with time zone),
('d88bb773-96d2-4fe8-8032-5463f060c467', 'e39f0b44-af54-4afb-8403-81b0c08f4ca5', 'f4481109-f847-4dc7-9ec6-5cc20d1b4964', TRUE, '2022-11-18 15:32:00+03'::timestamp with time zone, '2022-11-18 16:40:00+03'::timestamp with time zone),
('ab7d5a02-2eee-4838-8732-0014bcb83165', 'e39faf74-b154-4527-87a8-a2ec50ff58d2', '74cb1576-7cd3-4f1e-a0f8-d565dd00291c', TRUE, '2022-12-07 15:36:00+03'::timestamp with time zone, '2022-12-07 16:45:00+03'::timestamp with time zone);

-- Messages

INSERT INTO public.messages (id, conversation_id, sender_id, content, is_read, created_at, file_url, file_type, reply_to, reactions, deleted, removed_for) VALUES

('05b1ec0f-033b-4669-b278-c53da62fa5bf', 'ca42fc12-ca0d-4a09-a598-1af96032cbdd', '65bc8449-3af5-422d-9ac5-0a37a57173a8', 'Bonjour, je souhaite suivre mon dossier.', TRUE, '2022-06-19 15:05:00+03'::timestamp with time zone, NULL, NULL, NULL, '[]'::jsonb, FALSE, '[]'::jsonb),
('202faa90-7e65-46a9-8fb1-2e7927bcae7e', 'ca42fc12-ca0d-4a09-a598-1af96032cbdd', '1561aeee-2cfc-4111-8642-a7768e6c229c', 'Bien reçu, je vérifie le dossier et je reviens vers vous.', TRUE, '2022-06-19 15:09:00+03'::timestamp with time zone, NULL, NULL, '05b1ec0f-033b-4669-b278-c53da62fa5bf', '[]'::jsonb, FALSE, '[]'::jsonb),
('54c2f076-ba07-4b8b-85cb-274e6cd0eaa2', 'ca42fc12-ca0d-4a09-a598-1af96032cbdd', '65bc8449-3af5-422d-9ac5-0a37a57173a8', 'Merci, je reste disponible si besoin de pièces complémentaires.', TRUE, '2022-06-19 15:18:00+03'::timestamp with time zone, NULL, NULL, '202faa90-7e65-46a9-8fb1-2e7927bcae7e', '[]'::jsonb, FALSE, '[]'::jsonb),
('b625abc4-6932-40e8-a25b-97702f3e3552', '9d341bd3-b85e-4779-8841-0e89cb6119ff', 'ef22fa56-6c73-48f6-97b5-dca2b23bdf34', 'Bonjour, je souhaite suivre mon dossier.', TRUE, '2022-07-08 15:05:00+03'::timestamp with time zone, NULL, NULL, NULL, '[]'::jsonb, FALSE, '[]'::jsonb),
('c7245799-c05a-4409-ba30-41c187dcd675', '9d341bd3-b85e-4779-8841-0e89cb6119ff', '931a2a99-5821-44e8-bff1-2ddd50e47484', 'Bien reçu, je vérifie le dossier et je reviens vers vous.', TRUE, '2022-07-08 15:09:00+03'::timestamp with time zone, NULL, NULL, 'b625abc4-6932-40e8-a25b-97702f3e3552', '[]'::jsonb, FALSE, '[]'::jsonb),
('e30dfc0e-8d81-43c3-a252-7c663a4fb8a9', '9d341bd3-b85e-4779-8841-0e89cb6119ff', 'ef22fa56-6c73-48f6-97b5-dca2b23bdf34', 'Merci, je reste disponible si besoin de pièces complémentaires.', FALSE, '2022-07-08 15:18:00+03'::timestamp with time zone, NULL, NULL, 'c7245799-c05a-4409-ba30-41c187dcd675', '[]'::jsonb, FALSE, '[]'::jsonb),
('2fe10085-18f5-4fa0-94c5-236648c85200', 'ed60194e-a4a0-459b-8938-ea7261d4bf41', '7df4e49c-8849-4397-9f74-9b5bb2e3d646', 'Bonjour, je souhaite suivre mon dossier.', TRUE, '2022-07-27 15:05:00+03'::timestamp with time zone, NULL, NULL, NULL, '[]'::jsonb, FALSE, '[]'::jsonb),
('ab5f0281-2684-4205-8d3f-f411e1720553', 'ed60194e-a4a0-459b-8938-ea7261d4bf41', 'ae9e7451-f9c6-465d-a82b-2951976591d8', 'Bien reçu, je vérifie le dossier et je reviens vers vous.', TRUE, '2022-07-27 15:09:00+03'::timestamp with time zone, NULL, NULL, '2fe10085-18f5-4fa0-94c5-236648c85200', '[]'::jsonb, FALSE, '[]'::jsonb),
('a530bebf-9cff-47ba-8cd8-4ef1c6743997', 'ed60194e-a4a0-459b-8938-ea7261d4bf41', '7df4e49c-8849-4397-9f74-9b5bb2e3d646', 'Merci, je reste disponible si besoin de pièces complémentaires.', FALSE, '2022-07-27 15:18:00+03'::timestamp with time zone, NULL, NULL, 'ab5f0281-2684-4205-8d3f-f411e1720553', '[]'::jsonb, FALSE, '[]'::jsonb),
('579ffacb-3dad-463e-b884-f946b49b3de7', 'b886fc40-4668-4c1d-88c9-7cfda8e2fd1c', 'eedb530a-893f-4b7d-a8dd-89fa116f6df5', 'Bonjour, je souhaite suivre mon dossier.', TRUE, '2022-08-15 15:05:00+03'::timestamp with time zone, NULL, NULL, NULL, '[]'::jsonb, FALSE, '[]'::jsonb),
('807da9ab-d352-4c6f-a8a8-5e02d463c749', 'b886fc40-4668-4c1d-88c9-7cfda8e2fd1c', '458011fc-2919-410f-aed6-d22497394751', 'Bien reçu, je vérifie le dossier et je reviens vers vous.', TRUE, '2022-08-15 15:09:00+03'::timestamp with time zone, NULL, NULL, '579ffacb-3dad-463e-b884-f946b49b3de7', '[]'::jsonb, FALSE, '[]'::jsonb),
('1a2899fa-1a2f-40b4-af76-c002c10b7be5', 'b886fc40-4668-4c1d-88c9-7cfda8e2fd1c', 'eedb530a-893f-4b7d-a8dd-89fa116f6df5', 'Merci, je reste disponible si besoin de pièces complémentaires.', TRUE, '2022-08-15 15:18:00+03'::timestamp with time zone, NULL, NULL, '807da9ab-d352-4c6f-a8a8-5e02d463c749', '[]'::jsonb, FALSE, '[]'::jsonb),
('c0f9d0a0-d272-4d99-9aed-557935241138', '4d9efda2-063a-4f59-b42c-34c8167144d6', '965262fb-57a0-41c8-af9d-20a7dbddcec2', 'Bonjour, je souhaite suivre mon dossier.', TRUE, '2022-09-03 15:05:00+03'::timestamp with time zone, NULL, NULL, NULL, '[]'::jsonb, FALSE, '[]'::jsonb),
('5fba5f80-2500-4790-b08a-f4ddfa332a08', '4d9efda2-063a-4f59-b42c-34c8167144d6', 'db69162e-4cfa-4417-9442-1346b0e62e6b', 'Bien reçu, je vérifie le dossier et je reviens vers vous.', TRUE, '2022-09-03 15:09:00+03'::timestamp with time zone, NULL, NULL, 'c0f9d0a0-d272-4d99-9aed-557935241138', '[]'::jsonb, FALSE, '[]'::jsonb),
('5db1d5e0-34e5-45ec-82f0-e0f70d39b8d0', '4d9efda2-063a-4f59-b42c-34c8167144d6', '965262fb-57a0-41c8-af9d-20a7dbddcec2', 'Merci, je reste disponible si besoin de pièces complémentaires.', TRUE, '2022-09-03 15:18:00+03'::timestamp with time zone, NULL, NULL, '5fba5f80-2500-4790-b08a-f4ddfa332a08', '[]'::jsonb, FALSE, '[]'::jsonb),
('57b7beb1-67e8-4cbe-a8b9-1864706cd820', '28f7295c-9f5f-441f-8715-ee2fcbf8c18e', 'ea3f56ce-2911-4523-a81d-def1a24c3aa9', 'Bonjour, je souhaite suivre mon dossier.', TRUE, '2022-09-22 15:05:00+03'::timestamp with time zone, NULL, NULL, NULL, '[]'::jsonb, FALSE, '[]'::jsonb),
('50362fec-8f17-49ee-99c6-3766208d77ec', '28f7295c-9f5f-441f-8715-ee2fcbf8c18e', 'f45eefa1-f9bd-4410-8076-b5cb14295e64', 'Bien reçu, je vérifie le dossier et je reviens vers vous.', TRUE, '2022-09-22 15:09:00+03'::timestamp with time zone, NULL, NULL, '57b7beb1-67e8-4cbe-a8b9-1864706cd820', '[]'::jsonb, FALSE, '[]'::jsonb),
('ae1db899-7eab-4805-86c4-6f49b2abd845', '28f7295c-9f5f-441f-8715-ee2fcbf8c18e', 'ea3f56ce-2911-4523-a81d-def1a24c3aa9', 'Merci, je reste disponible si besoin de pièces complémentaires.', FALSE, '2022-09-22 15:18:00+03'::timestamp with time zone, NULL, NULL, '50362fec-8f17-49ee-99c6-3766208d77ec', '[]'::jsonb, FALSE, '[]'::jsonb),
('97f88a45-cef8-4844-a183-fb709dc35186', '59812753-e3c5-49fe-beca-d8a79e5b4392', 'd44b88ad-45af-4c12-b285-17fae9ec6546', 'Bonjour, je souhaite suivre mon dossier.', TRUE, '2022-10-11 15:05:00+03'::timestamp with time zone, NULL, NULL, NULL, '[]'::jsonb, FALSE, '[]'::jsonb),
('fad916a3-fb34-4d87-9033-c1fcfd5a098c', '59812753-e3c5-49fe-beca-d8a79e5b4392', '1b0f645e-8742-4b39-8817-95c7964a0944', 'Bien reçu, je vérifie le dossier et je reviens vers vous.', TRUE, '2022-10-11 15:09:00+03'::timestamp with time zone, NULL, NULL, '97f88a45-cef8-4844-a183-fb709dc35186', '[]'::jsonb, FALSE, '[]'::jsonb),
('fa8c1866-f568-44fc-9227-d88324112d15', '59812753-e3c5-49fe-beca-d8a79e5b4392', 'd44b88ad-45af-4c12-b285-17fae9ec6546', 'Merci, je reste disponible si besoin de pièces complémentaires.', FALSE, '2022-10-11 15:18:00+03'::timestamp with time zone, NULL, NULL, 'fad916a3-fb34-4d87-9033-c1fcfd5a098c', '[]'::jsonb, FALSE, '[]'::jsonb),
('306083af-dfcd-468b-b2a4-3d6e0a43487e', 'abfc51fe-7194-476f-a690-125d581e88d2', '38a08dbb-4171-4c60-a855-bab3989e1e21', 'Bonjour, je souhaite suivre mon dossier.', TRUE, '2022-10-30 15:05:00+03'::timestamp with time zone, NULL, NULL, NULL, '[]'::jsonb, FALSE, '[]'::jsonb),
('fe414e51-95ec-470f-ba59-178ee0be53a9', 'abfc51fe-7194-476f-a690-125d581e88d2', '0d047cae-8fc6-4b0c-94cb-6ba65112bd71', 'Bien reçu, je vérifie le dossier et je reviens vers vous.', TRUE, '2022-10-30 15:09:00+03'::timestamp with time zone, NULL, NULL, '306083af-dfcd-468b-b2a4-3d6e0a43487e', '[]'::jsonb, FALSE, '[]'::jsonb),
('5a8227e9-d9b0-47d7-b1b0-3330ab116b95', 'abfc51fe-7194-476f-a690-125d581e88d2', '38a08dbb-4171-4c60-a855-bab3989e1e21', 'Merci, je reste disponible si besoin de pièces complémentaires.', TRUE, '2022-10-30 15:18:00+03'::timestamp with time zone, NULL, NULL, 'fe414e51-95ec-470f-ba59-178ee0be53a9', '[]'::jsonb, FALSE, '[]'::jsonb),
('9389227a-4dda-48ec-8d4a-1304164bb380', 'd88bb773-96d2-4fe8-8032-5463f060c467', 'e39f0b44-af54-4afb-8403-81b0c08f4ca5', 'Bonjour, je souhaite suivre mon dossier.', TRUE, '2022-11-18 15:05:00+03'::timestamp with time zone, NULL, NULL, NULL, '[]'::jsonb, FALSE, '[]'::jsonb),
('8edadf46-75ab-459a-8c0f-ae0387f27790', 'd88bb773-96d2-4fe8-8032-5463f060c467', 'f4481109-f847-4dc7-9ec6-5cc20d1b4964', 'Bien reçu, je vérifie le dossier et je reviens vers vous.', TRUE, '2022-11-18 15:09:00+03'::timestamp with time zone, NULL, NULL, '9389227a-4dda-48ec-8d4a-1304164bb380', '[]'::jsonb, FALSE, '[]'::jsonb),
('b7d743c2-ac3f-43d8-b9b9-b7b8190138fa', 'd88bb773-96d2-4fe8-8032-5463f060c467', 'e39f0b44-af54-4afb-8403-81b0c08f4ca5', 'Merci, je reste disponible si besoin de pièces complémentaires.', FALSE, '2022-11-18 15:18:00+03'::timestamp with time zone, NULL, NULL, '8edadf46-75ab-459a-8c0f-ae0387f27790', '[]'::jsonb, FALSE, '[]'::jsonb),
('6aa80d81-41a1-46bc-8e8d-30a87cf16117', 'ab7d5a02-2eee-4838-8732-0014bcb83165', 'e39faf74-b154-4527-87a8-a2ec50ff58d2', 'Bonjour, je souhaite suivre mon dossier.', TRUE, '2022-12-07 15:05:00+03'::timestamp with time zone, NULL, NULL, NULL, '[]'::jsonb, FALSE, '[]'::jsonb),
('eaaa3f32-1c35-4371-b087-aa843a408c08', 'ab7d5a02-2eee-4838-8732-0014bcb83165', '74cb1576-7cd3-4f1e-a0f8-d565dd00291c', 'Bien reçu, je vérifie le dossier et je reviens vers vous.', TRUE, '2022-12-07 15:09:00+03'::timestamp with time zone, NULL, NULL, '6aa80d81-41a1-46bc-8e8d-30a87cf16117', '[]'::jsonb, FALSE, '[]'::jsonb),
('a0ddca03-eb17-45f6-bcd8-b3724fe90b97', 'ab7d5a02-2eee-4838-8732-0014bcb83165', 'e39faf74-b154-4527-87a8-a2ec50ff58d2', 'Merci, je reste disponible si besoin de pièces complémentaires.', FALSE, '2022-12-07 15:18:00+03'::timestamp with time zone, NULL, NULL, 'eaaa3f32-1c35-4371-b087-aa843a408c08', '[]'::jsonb, FALSE, '[]'::jsonb);

-- Documents

INSERT INTO public.documents (id, name, file_url, file_type, file_size, entity_type, entity_id, uploaded_by, created_at) VALUES

('af710d88-518f-43e6-a1c2-bea08a0830a0', 'Dossier_1_sinistre.pdf', '/uploads/dossiers/dossier_1.pdf', 'application/pdf', '289 KB', 'incident', '83b28e4f-4845-45ac-a17e-b39f5a7d300f', '1561aeee-2cfc-4111-8642-a7768e6c229c', '2022-06-19 17:00:00+03'::timestamp with time zone),
('46844870-87ff-46c0-bf3c-24609d6a6020', 'Contrat_1.pdf', '/uploads/contracts/contrat_1.pdf', 'application/pdf', '1017 KB', 'contract', '43ddda52-09ce-42de-af5f-3d91e36997d3', '1561aeee-2cfc-4111-8642-a7768e6c229c', '2022-06-19 17:15:00+03'::timestamp with time zone),
('c6a82199-352b-4a95-8198-94c3b7d8df9e', 'Dossier_2_sinistre.pdf', '/uploads/dossiers/dossier_2.pdf', 'application/pdf', '404 KB', 'incident', '5da2332f-3de8-438f-b999-de5853b2ef59', '931a2a99-5821-44e8-bff1-2ddd50e47484', '2022-07-08 17:00:00+03'::timestamp with time zone),
('abae37cc-591d-43b7-975c-7616adeb10f8', 'Contrat_2.pdf', '/uploads/contracts/contrat_2.pdf', 'application/pdf', '400 KB', 'contract', '338275b7-2806-40ff-aa81-a7fbb8bee643', '931a2a99-5821-44e8-bff1-2ddd50e47484', '2022-07-08 17:15:00+03'::timestamp with time zone),
('002efc02-24dc-4b95-8bac-52fd58fed101', 'Dossier_3_sinistre.pdf', '/uploads/dossiers/dossier_3.pdf', 'application/pdf', '231 KB', 'incident', '5f38ff35-31d0-458a-99de-2bcbaad9afa6', 'ae9e7451-f9c6-465d-a82b-2951976591d8', '2022-07-27 17:00:00+03'::timestamp with time zone),
('b8cf6c29-0f51-4463-960d-3dcc3698b176', 'Contrat_3.pdf', '/uploads/contracts/contrat_3.pdf', 'application/pdf', '790 KB', 'contract', 'c9e049ca-4c93-475b-9f32-8da069be4bf4', 'ae9e7451-f9c6-465d-a82b-2951976591d8', '2022-07-27 17:15:00+03'::timestamp with time zone),
('6ff89e3b-4f28-41c4-9633-b11b228e9014', 'Dossier_4_sinistre.pdf', '/uploads/dossiers/dossier_4.pdf', 'application/pdf', '304 KB', 'incident', 'ac683a2f-4e78-4f20-a483-755909495ef8', '458011fc-2919-410f-aed6-d22497394751', '2022-08-15 17:00:00+03'::timestamp with time zone),
('5098737a-e444-495a-b97d-f9bdb313a33d', 'Contrat_4.pdf', '/uploads/contracts/contrat_4.pdf', 'application/pdf', '687 KB', 'contract', 'c2df3a80-2a6b-41c2-ae81-e95b89cfd954', '458011fc-2919-410f-aed6-d22497394751', '2022-08-15 17:15:00+03'::timestamp with time zone),
('e7badc4b-4e44-442e-b7c9-bb16d0b4a52a', 'Dossier_5_sinistre.pdf', '/uploads/dossiers/dossier_5.pdf', 'application/pdf', '655 KB', 'incident', 'c476afda-0db6-41ce-a759-b933bf141bfc', 'db69162e-4cfa-4417-9442-1346b0e62e6b', '2022-09-03 17:00:00+03'::timestamp with time zone),
('57d95d6d-1374-4929-981b-5e96dbccc1d9', 'Contrat_5.pdf', '/uploads/contracts/contrat_5.pdf', 'application/pdf', '903 KB', 'contract', 'ca5dcfba-20af-4b7b-a2d3-b1423246a466', 'db69162e-4cfa-4417-9442-1346b0e62e6b', '2022-09-03 17:15:00+03'::timestamp with time zone),
('c277d684-0b42-40f9-8479-8f48ab36f944', 'Dossier_6_sinistre.pdf', '/uploads/dossiers/dossier_6.pdf', 'application/pdf', '633 KB', 'incident', 'ff3968cb-ad4a-4d65-a3ee-6cd03b266bf1', 'f45eefa1-f9bd-4410-8076-b5cb14295e64', '2022-09-22 17:00:00+03'::timestamp with time zone),
('e67d9f3b-fda6-47ce-bdf4-ee0aaf214ed3', 'Contrat_6.pdf', '/uploads/contracts/contrat_6.pdf', 'application/pdf', '847 KB', 'contract', '701cec7b-1eff-4f85-8d8e-189b289f8c41', 'f45eefa1-f9bd-4410-8076-b5cb14295e64', '2022-09-22 17:15:00+03'::timestamp with time zone),
('41fe92f8-0e2f-461d-b5d7-8db2781dca46', 'Dossier_7_sinistre.pdf', '/uploads/dossiers/dossier_7.pdf', 'application/pdf', '741 KB', 'incident', '5f850ca0-9654-4aa8-a451-ef92f1fb0b28', '1b0f645e-8742-4b39-8817-95c7964a0944', '2022-10-11 17:00:00+03'::timestamp with time zone),
('7bc55535-62c9-4d50-9993-f16f2d5df58c', 'Contrat_7.pdf', '/uploads/contracts/contrat_7.pdf', 'application/pdf', '676 KB', 'contract', 'd75da895-43ae-436e-bd50-afdd6b2beba1', '1b0f645e-8742-4b39-8817-95c7964a0944', '2022-10-11 17:15:00+03'::timestamp with time zone),
('0d2dbab2-82ce-46a5-a606-c42254bf4a29', 'Dossier_8_sinistre.pdf', '/uploads/dossiers/dossier_8.pdf', 'application/pdf', '666 KB', 'incident', 'e78c0880-b18c-4c7d-ab1e-aa87fca9f28a', '0d047cae-8fc6-4b0c-94cb-6ba65112bd71', '2022-10-30 17:00:00+03'::timestamp with time zone),
('e7168cce-0b03-48c4-9b73-7ec9adc84e24', 'Contrat_8.pdf', '/uploads/contracts/contrat_8.pdf', 'application/pdf', '680 KB', 'contract', '65c90216-d4cc-4e44-b91d-ce6664dc6370', '0d047cae-8fc6-4b0c-94cb-6ba65112bd71', '2022-10-30 17:15:00+03'::timestamp with time zone),
('22d98d4c-00df-4f25-a793-dfc01314b08c', 'Dossier_9_sinistre.pdf', '/uploads/dossiers/dossier_9.pdf', 'application/pdf', '433 KB', 'incident', '53cb84c2-39ae-44d4-9fe6-8c897efdf643', 'f4481109-f847-4dc7-9ec6-5cc20d1b4964', '2022-11-18 17:00:00+03'::timestamp with time zone),
('92044783-ae6d-443c-9402-90ea07c0f35f', 'Contrat_9.pdf', '/uploads/contracts/contrat_9.pdf', 'application/pdf', '1080 KB', 'contract', '4bb40574-b30e-4bb4-905c-481de228fdf2', 'f4481109-f847-4dc7-9ec6-5cc20d1b4964', '2022-11-18 17:15:00+03'::timestamp with time zone),
('a7059b67-6897-437e-9b36-5292e5ac8f1a', 'Dossier_10_sinistre.pdf', '/uploads/dossiers/dossier_10.pdf', 'application/pdf', '713 KB', 'incident', 'f537a4ba-a48c-41c1-a989-0e383aed1364', '74cb1576-7cd3-4f1e-a0f8-d565dd00291c', '2022-12-07 17:00:00+03'::timestamp with time zone),
('79473698-6eb8-484f-afeb-31b4975aa184', 'Contrat_10.pdf', '/uploads/contracts/contrat_10.pdf', 'application/pdf', '716 KB', 'contract', '3fa74a85-d707-435a-a24a-c9550883d40d', '74cb1576-7cd3-4f1e-a0f8-d565dd00291c', '2022-12-07 17:15:00+03'::timestamp with time zone);

COMMIT;
